CustomerID,Recency,Frequency,Monetary,Cluster,Segment
12346.0,326,1,77183.6,3,At Risk
12347.0,2,7,4310.0,0,High Value
12348.0,75,4,1797.24,0,High Value
12349.0,19,1,1757.55,0,High Value
12350.0,310,1,334.4,1,Regular
12352.0,36,8,2506.04,0,High Value
12353.0,204,1,89.0,1,Regular
12354.0,232,1,1079.4,1,Regular
12355.0,214,1,459.4,1,Regular
12356.0,23,3,2811.43,0,High Value
12357.0,33,1,6207.67,0,High Value
12358.0,2,2,1168.06,0,High Value
12359.0,58,4,6310.03,0,High Value
12360.0,52,3,2662.06,0,High Value
12361.0,287,1,189.9,1,Regular
12362.0,3,10,5226.23,0,High Value
12363.0,110,2,552.0,0,High Value
12364.0,8,4,1313.1,0,High Value
12365.0,291,2,641.38,1,Regular
12367.0,4,1,168.9,0,High Value
12370.0,51,4,3541.94,0,High Value
12371.0,45,2,1887.96,0,High Value
12372.0,72,3,1298.04,0,High Value
12373.0,311,1,364.6,1,Regular
12374.0,25,1,742.9300000000001,0,High Value
12375.0,11,2,457.5,0,High Value
12377.0,315,2,1628.12,1,Regular
12378.0,130,1,4008.62,0,High Value
12379.0,82,2,852.24,0,High Value
12380.0,22,4,2724.81,0,High Value
12381.0,5,5,1845.31,0,High Value
12383.0,185,5,1850.56,1,Regular
12384.0,29,2,585.27,0,High Value
12386.0,338,2,401.9,1,Regular
12388.0,16,6,2780.66,0,High Value
12390.0,80,1,549.84,0,High Value
12391.0,22,1,439.66,0,High Value
12393.0,72,4,1582.6000000000001,0,High Value
12394.0,64,2,1272.48,0,High Value
12395.0,19,12,3018.63,0,High Value
12397.0,36,2,2409.9,0,High Value
12398.0,46,1,1635.6599999999999,0,High Value
12399.0,119,4,1108.65,0,High Value
12401.0,303,1,84.3,1,Regular
12402.0,323,1,225.6,1,Regular
12403.0,50,1,427.7,0,High Value
12405.0,149,1,1710.39,1,Regular
12406.0,22,2,3415.3,0,High Value
12407.0,50,5,1708.1200000000001,0,High Value
12408.0,33,5,2888.55,0,High Value
12409.0,79,3,11072.67,0,High Value
12410.0,309,2,693.3299999999999,1,Regular
12412.0,75,3,1226.88,0,High Value
12413.0,67,3,758.1,0,High Value
12414.0,217,3,562.41,1,Regular
12415.0,24,21,124914.53,2,Occasional
12417.0,3,9,3649.1,0,High Value
12418.0,113,1,668.58,0,High Value
12420.0,64,1,600.39,0,High Value
12421.0,16,4,807.04,0,High Value
12422.0,96,3,803.5600000000001,0,High Value
12423.0,1,8,1859.31,0,High Value
12424.0,163,2,1760.96,1,Regular
12425.0,78,1,777.2,0,High Value
12426.0,195,1,582.73,1,Regular
12427.0,22,3,825.8,0,High Value
12428.0,26,9,7956.46,0,High Value
12429.0,9,4,3750.4,0,High Value
12430.0,43,1,256.4,0,High Value
12431.0,36,15,6419.95,3,At Risk
12432.0,43,5,5059.32,0,High Value
12433.0,1,7,13375.87,0,High Value
12434.0,85,2,806.14,0,High Value
12435.0,80,2,7829.89,0,High Value
12436.0,100,1,509.01,0,High Value
12437.0,2,18,4951.41,3,At Risk
12438.0,14,2,2906.85,0,High Value
12441.0,367,1,173.55,1,Regular
12442.0,3,1,172.06,0,High Value
12444.0,21,5,5005.46,0,High Value
12445.0,22,1,133.4,0,High Value
12446.0,58,1,1002.3100000000001,0,High Value
12447.0,243,1,476.49,1,Regular
12448.0,44,1,449.45,0,High Value
12449.0,22,4,4067.29,0,High Value
12450.0,156,2,197.88,1,Regular
12451.0,11,5,9035.52,0,High Value
12452.0,17,2,430.57,0,High Value
12453.0,134,1,707.09,0,High Value
12454.0,56,1,3528.34,0,High Value
12455.0,73,6,2466.86,0,High Value
12456.0,44,3,3181.04,0,High Value
12457.0,66,7,2363.23,0,High Value
12458.0,71,2,947.4,0,High Value
12461.0,94,2,826.88,0,High Value
12462.0,19,2,1189.59,0,High Value
12463.0,53,4,1344.78,0,High Value
12464.0,10,8,1212.05,0,High Value
12465.0,17,2,742.1899999999999,0,High Value
12468.0,188,2,729.5400000000001,1,Regular
12471.0,2,30,19788.65,3,At Risk
12472.0,32,7,6572.11,0,High Value
12473.0,29,5,3928.0499999999997,0,High Value
12474.0,17,18,7324.09,3,At Risk
12475.0,54,1,723.38,0,High Value
12476.0,16,11,6816.42,0,High Value
12477.0,23,6,13219.74,0,High Value
12478.0,4,1,680.99,0,High Value
12479.0,11,1,527.2,0,High Value
12480.0,28,4,3281.63,0,High Value
12481.0,23,10,5579.82,0,High Value
12483.0,17,8,2484.98,0,High Value
12484.0,33,6,4527.32,0,High Value
12488.0,10,3,1298.66,0,High Value
12489.0,336,1,334.93,1,Regular
12490.0,5,10,5417.93,0,High Value
12491.0,39,1,460.40000000000003,0,High Value
12492.0,63,2,263.21000000000004,0,High Value
12493.0,166,2,433.74,1,Regular
12494.0,16,7,1246.1000000000001,0,High Value
12497.0,82,1,1043.1,0,High Value
12498.0,21,3,403.70000000000005,0,High Value
12500.0,23,11,4257.82,0,High Value
12501.0,337,1,2169.39,1,Regular
12502.0,96,5,3723.87,0,High Value
12504.0,18,2,482.04999999999995,0,High Value
12506.0,233,1,73.5,1,Regular
12507.0,134,3,1304.81,0,High Value
12508.0,26,2,397.88,0,High Value
12509.0,284,1,176.5,1,Regular
12510.0,143,2,982.5699999999999,0,High Value
12512.0,66,2,132.18,0,High Value
12513.0,113,1,612.29,0,High Value
12514.0,267,1,1017.68,1,Regular
12515.0,353,1,383.7,1,Regular
12516.0,78,2,1312.06,0,High Value
12517.0,28,5,2481.6,0,High Value
12518.0,1,5,2056.89,0,High Value
12519.0,64,1,330.84,0,High Value
12520.0,79,5,2634.26,0,High Value
12521.0,143,1,599.68,1,Regular
12522.0,39,2,192.72,0,High Value
12523.0,19,11,1789.77,0,High Value
12524.0,9,8,4485.72,0,High Value
12526.0,1,3,1316.66,0,High Value
12527.0,82,3,348.71000000000004,0,High Value
12528.0,9,6,1933.48,0,High Value
12530.0,60,4,1662.28,0,High Value
12531.0,15,1,125.22,0,High Value
12532.0,30,1,349.83000000000004,0,High Value
12534.0,131,1,1089.18,0,High Value
12535.0,92,2,716.35,0,High Value
12536.0,43,3,12601.830000000002,0,High Value
12538.0,29,1,363.95,0,High Value
12539.0,22,4,5568.35,0,High Value
12540.0,20,17,13400.24,3,At Risk
12541.0,30,3,981.18,0,High Value
12544.0,36,1,372.7,0,High Value
12545.0,75,2,1000.39,0,High Value
12546.0,47,2,1161.5,0,High Value
12547.0,198,2,207.79999999999998,1,Regular
12548.0,166,1,95.19999999999999,1,Regular
12550.0,79,1,964.83,0,High Value
12551.0,358,1,168.0,1,Regular
12552.0,39,2,437.82,0,High Value
12553.0,8,10,3692.28,0,High Value
12556.0,50,2,599.56,0,High Value
12557.0,16,5,11990.960000000001,0,High Value
12558.0,8,1,269.96,0,High Value
12559.0,311,2,561.71,1,Regular
12560.0,5,3,2134.01,0,High Value
12561.0,303,1,238.85,1,Regular
12562.0,8,7,3781.7400000000002,0,High Value
12564.0,261,1,456.9,1,Regular
12565.0,289,1,145.92,1,Regular
12566.0,86,1,351.65,0,High Value
12567.0,23,10,9401.28,0,High Value
12569.0,2,32,4124.69,3,At Risk
12571.0,40,2,519.61,0,High Value
12572.0,9,2,1020.42,0,High Value
12573.0,227,1,160.54000000000002,1,Regular
12574.0,316,1,218.45,1,Regular
12576.0,36,5,1315.83,0,High Value
12577.0,35,3,626.6,0,High Value
12578.0,21,2,2794.51,0,High Value
12579.0,78,1,440.42,0,High Value
12580.0,247,1,415.7,1,Regular
12581.0,40,1,197.71,0,High Value
12582.0,239,2,511.36,1,Regular
12583.0,3,15,7281.38,3,At Risk
12584.0,4,9,2338.15,0,High Value
12585.0,234,2,2040.1,1,Regular
12586.0,17,1,196.94000000000003,0,High Value
12587.0,8,1,144.0,0,High Value
12588.0,39,1,214.89999999999998,0,High Value
12589.0,29,2,646.68,0,High Value
12590.0,211,2,9864.26,1,Regular
12591.0,317,1,452.84999999999997,1,Regular
12592.0,92,2,437.6,0,High Value
12593.0,109,3,418.09999999999997,0,High Value
12594.0,38,10,3338.2200000000003,0,High Value
12596.0,51,2,618.27,0,High Value
12597.0,19,4,3811.22,0,High Value
12598.0,10,8,3023.08,0,High Value
12599.0,29,7,1032.58,0,High Value
12600.0,29,10,2599.04,0,High Value
12601.0,190,5,577.0600000000001,1,Regular
12602.0,59,1,153.12,0,High Value
12603.0,22,1,739.1999999999999,0,High Value
12604.0,79,2,254.18,0,High Value
12607.0,60,1,1579.51,0,High Value
12609.0,78,3,1126.85,0,High Value
12610.0,23,5,2099.54,0,High Value
12611.0,52,1,1193.32,0,High Value
12612.0,74,1,704.0400000000001,0,High Value
12613.0,57,5,3344.38,0,High Value
12614.0,278,1,315.6,1,Regular
12615.0,2,4,2291.19,0,High Value
12616.0,95,2,713.3,0,High Value
12617.0,29,1,352.98,0,High Value
12618.0,22,1,177.31,0,High Value
12619.0,16,9,3641.24,0,High Value
12620.0,15,3,1339.41,0,High Value
12621.0,2,20,13689.67,3,At Risk
12622.0,232,1,180.1,1,Regular
12623.0,276,1,305.1,1,Regular
12624.0,106,2,641.13,0,High Value
12625.0,212,2,2683.82,1,Regular
12626.0,23,9,6620.48,0,High Value
12627.0,11,7,4478.53,0,High Value
12628.0,4,3,786.46,0,High Value
12630.0,10,2,1270.88,0,High Value
12631.0,57,1,640.5,0,High Value
12633.0,59,4,2163.98,0,High Value
12635.0,90,2,1689.18,0,High Value
12637.0,67,8,6002.9,0,High Value
12638.0,33,1,671.69,0,High Value
12639.0,239,1,486.1,1,Regular
12640.0,24,3,1174.58,0,High Value
12641.0,115,1,185.9,0,High Value
12642.0,25,3,1013.26,0,High Value
12643.0,128,6,3344.64,0,High Value
12644.0,130,1,477.91,0,High Value
12645.0,34,4,1775.18,0,High Value
12646.0,5,2,1346.97,0,High Value
12647.0,22,12,3722.82,0,High Value
12648.0,155,1,318.05,1,Regular
12649.0,107,3,623.51,0,High Value
12650.0,3,1,314.44,0,High Value
12651.0,335,1,114.0,1,Regular
12652.0,331,1,919.98,1,Regular
12653.0,149,2,2209.85,1,Regular
12654.0,11,5,601.98,0,High Value
12656.0,17,5,4051.17,0,High Value
12657.0,11,4,1643.18,0,High Value
12658.0,19,1,686.05,0,High Value
12659.0,30,1,91.68,0,High Value
12660.0,11,1,245.1,0,High Value
12662.0,1,11,3849.78,0,High Value
12664.0,8,9,4881.88,0,High Value
12665.0,325,1,63.0,1,Regular
12667.0,58,1,620.13,0,High Value
12668.0,12,4,3807.15,0,High Value
12669.0,151,3,2744.0299999999997,1,Regular
12670.0,10,5,2996.05,0,High Value
12672.0,330,1,225.89999999999998,1,Regular
12673.0,5,2,610.52,0,High Value
12674.0,39,4,1970.6,0,High Value
12676.0,25,6,1331.39,0,High Value
12678.0,42,12,17628.46,3,At Risk
12679.0,59,4,1113.02,0,High Value
12680.0,1,4,862.81,0,High Value
12681.0,15,22,13787.54,3,At Risk
12682.0,4,31,12279.82,3,At Risk
12683.0,4,15,8476.57,3,At Risk
12684.0,8,7,2283.63,0,High Value
12685.0,28,6,2863.08,0,High Value
12686.0,372,1,89.14,1,Regular
12688.0,114,1,4873.8099999999995,0,High Value
12689.0,26,2,1247.61,0,High Value
12690.0,206,1,389.01,1,Regular
12691.0,28,6,1035.8,0,High Value
12693.0,127,4,855.91,0,High Value
12694.0,70,2,869.67,0,High Value
12695.0,7,4,582.1,0,High Value
12697.0,29,3,957.59,0,High Value
12700.0,8,4,4939.99,0,High Value
12701.0,80,2,797.71,0,High Value
12702.0,20,1,219.0,0,High Value
12703.0,71,1,283.55,0,High Value
12704.0,7,8,2340.84,0,High Value
12705.0,15,9,6868.29,0,High Value
12707.0,292,1,603.42,1,Regular
12708.0,30,10,2712.91,0,High Value
12709.0,15,15,9706.52,3,At Risk
12710.0,97,3,1149.02,0,High Value
12712.0,29,13,4396.13,0,High Value
12713.0,1,1,848.55,0,High Value
12714.0,9,5,4708.86,0,High Value
12715.0,106,1,343.36,0,High Value
12716.0,4,2,1053.49,0,High Value
12717.0,151,2,1030.98,1,Regular
12718.0,71,1,238.25,0,High Value
12719.0,5,2,644.95,0,High Value
12720.0,3,25,5781.73,3,At Risk
12721.0,32,6,2656.13,0,High Value
12722.0,85,4,997.63,0,High Value
12723.0,4,5,725.07,0,High Value
12724.0,5,4,1031.41,0,High Value
12725.0,371,1,427.8,1,Regular
12726.0,28,7,2609.1,0,High Value
12727.0,11,7,3980.7,0,High Value
12728.0,71,4,836.33,0,High Value
12729.0,114,1,453.01,0,High Value
12731.0,24,12,18895.91,3,At Risk
12732.0,180,1,236.26000000000002,1,Regular
12733.0,234,1,383.95,1,Regular
12734.0,353,1,110.39999999999999,1,Regular
12735.0,315,2,779.5699999999999,1,Regular
12736.0,333,1,234.0,1,Regular
12738.0,372,1,155.35,1,Regular
12739.0,78,2,1013.04,0,High Value
12740.0,64,1,427.6,0,High Value
12743.0,134,2,540.13,0,High Value
12744.0,52,7,21279.29,3,At Risk
12747.0,2,11,4196.01,0,High Value
12748.0,1,209,33053.19,2,Occasional
12749.0,4,5,4090.88,0,High Value
12750.0,129,1,275.88,0,High Value
12752.0,81,1,4366.78,0,High Value
12753.0,23,6,21429.39,0,High Value
12754.0,236,3,3010.74,1,Regular
12755.0,281,2,3811.95,1,Regular
12756.0,87,1,112.07999999999998,0,High Value
12757.0,16,13,7834.650000000001,3,At Risk
12758.0,117,2,2791.59,0,High Value
12759.0,52,3,1531.44,0,High Value
12762.0,8,2,1898.52,0,High Value
12763.0,138,2,494.08,0,High Value
12764.0,317,1,1693.88,1,Regular
12766.0,4,7,6989.63,0,High Value
12769.0,239,1,1143.6,1,Regular
12770.0,211,1,1351.45,1,Regular
12772.0,60,1,892.47,0,High Value
12775.0,17,5,1386.04,0,High Value
12778.0,20,6,822.23,0,High Value
12779.0,38,8,3981.36,0,High Value
12781.0,64,2,826.74,0,High Value
12782.0,5,5,2330.92,0,High Value
12783.0,2,6,2225.91,0,High Value
12784.0,9,2,532.8199999999999,0,High Value
12785.0,364,1,311.95,1,Regular
12787.0,10,3,463.66,0,High Value
12789.0,65,1,91.85,0,High Value
12790.0,192,1,324.92,1,Regular
12791.0,374,1,192.60000000000002,1,Regular
12792.0,257,1,400.53999999999996,1,Regular
12793.0,335,2,545.48,1,Regular
12794.0,53,2,860.41,0,High Value
12795.0,19,1,430.48,0,High Value
12797.0,366,1,254.03,1,Regular
12798.0,10,3,6977.04,0,High Value
12802.0,187,1,427.58,1,Regular
12808.0,37,3,483.65000000000003,0,High Value
12809.0,178,1,489.31,1,Regular
12811.0,261,3,514.85,1,Regular
12812.0,45,1,229.64000000000001,0,High Value
12814.0,102,1,125.92,0,High Value
12815.0,148,2,1063.46,1,Regular
12816.0,96,2,572.2,0,High Value
12817.0,281,1,166.04,1,Regular
12818.0,262,1,1542.08,1,Regular
12820.0,3,4,942.34,0,High Value
12821.0,214,1,92.72,1,Regular
12822.0,71,2,948.88,0,High Value
12823.0,75,5,1759.5,0,High Value
12824.0,60,1,397.12,0,High Value
12826.0,3,7,1474.72,0,High Value
12827.0,6,3,430.15000000000003,0,High Value
12828.0,3,6,1018.71,0,High Value
12829.0,337,2,293.0,1,Regular
12830.0,38,6,6814.64,0,High Value
12831.0,262,1,215.05,1,Regular
12832.0,32,2,383.03,0,High Value
12833.0,145,1,417.38,1,Regular
12834.0,283,1,312.38,1,Regular
12836.0,59,4,2610.36,0,High Value
12837.0,173,1,134.1,1,Regular
12838.0,34,2,671.95,0,High Value
12839.0,3,14,5591.42,3,At Risk
12840.0,144,4,2726.77,0,High Value
12841.0,5,25,3991.58,3,At Risk
12842.0,70,2,1118.99,0,High Value
12843.0,66,8,1702.26,0,High Value
12844.0,29,2,325.96000000000004,0,High Value
12845.0,267,4,354.09,1,Regular
12847.0,22,1,843.64,0,High Value
12849.0,31,2,1010.29,0,High Value
12851.0,97,1,131.81,0,High Value
12852.0,295,1,311.55,1,Regular
12853.0,135,6,1957.1000000000001,0,High Value
12854.0,79,3,1316.25,0,High Value
12855.0,373,1,38.1,1,Regular
12856.0,8,6,2170.78,0,High Value
12857.0,211,2,1106.4,1,Regular
12863.0,52,1,521.2,0,High Value
12864.0,138,1,147.12,0,High Value
12865.0,26,2,1568.23,0,High Value
12866.0,283,1,559.12,1,Regular
12867.0,26,7,4009.34,0,High Value
12868.0,186,6,1607.0600000000002,1,Regular
12871.0,84,2,380.64,0,High Value
12872.0,327,2,599.97,1,Regular
12873.0,282,1,374.0,1,Regular
12875.0,143,2,343.2300000000001,0,High Value
12876.0,58,2,2218.02,0,High Value
12877.0,4,12,1535.77,0,High Value
12878.0,236,2,854.99,1,Regular
12879.0,45,3,573.22,0,High Value
12881.0,276,1,298.0,1,Regular
12882.0,9,2,1463.04,0,High Value
12883.0,25,4,703.47,0,High Value
12884.0,88,1,309.05,0,High Value
12885.0,63,3,1175.22,0,High Value
12886.0,68,2,1378.4,0,High Value
12888.0,214,2,354.12,1,Regular
12890.0,24,1,376.71999999999997,0,High Value
12891.0,186,3,331.0,1,Regular
12893.0,31,1,176.55,0,High Value
12895.0,42,2,372.8,0,High Value
12897.0,205,2,216.5,1,Regular
12901.0,9,28,17654.54,3,At Risk
12902.0,265,1,138.68,1,Regular
12904.0,18,2,496.06,0,High Value
12906.0,12,5,2919.81,0,High Value
12908.0,176,2,750.0,1,Regular
12909.0,40,5,2178.67,0,High Value
12910.0,23,8,3075.04,0,High Value
12912.0,3,5,1662.3,0,High Value
12913.0,5,5,2483.63,0,High Value
12915.0,149,2,363.65,1,Regular
12916.0,139,4,2944.95,0,High Value
12917.0,128,1,594.0,0,High Value
12919.0,8,6,1335.19,0,High Value
12920.0,17,1,162.78,0,High Value
12921.0,9,37,16587.09,3,At Risk
12922.0,161,1,405.38,1,Regular
12923.0,64,1,172.82,0,High Value
12924.0,88,4,933.7,0,High Value
12925.0,5,2,694.05,0,High Value
12928.0,35,5,2062.7000000000003,0,High Value
12929.0,312,1,117.85,1,Regular
12930.0,78,2,415.8,0,High Value
12931.0,22,15,42055.96,3,At Risk
12933.0,24,3,607.53,0,High Value
12935.0,2,7,2160.7,0,High Value
12936.0,17,4,1063.9,0,High Value
12937.0,15,4,1504.27,0,High Value
12938.0,26,1,114.14,0,High Value
12939.0,64,8,11581.8,0,High Value
12940.0,55,2,899.69,0,High Value
12942.0,131,3,675.6,0,High Value
12944.0,36,2,604.51,0,High Value
12945.0,288,1,462.95,1,Regular
12947.0,144,6,1603.99,0,High Value
12948.0,16,7,2064.95,0,High Value
12949.0,31,8,4167.22,0,High Value
12950.0,2,3,1843.0,0,High Value
12951.0,9,6,1064.07,0,High Value
12952.0,6,4,1387.79,0,High Value
12953.0,10,1,329.85,0,High Value
12955.0,1,11,4757.16,0,High Value
12956.0,306,1,108.07,1,Regular
12957.0,10,8,4017.54,0,High Value
12962.0,7,2,266.39,0,High Value
12963.0,8,8,1856.63,0,High Value
12965.0,89,1,769.8100000000001,0,High Value
12966.0,10,1,160.18,0,High Value
12967.0,358,2,1660.9,1,Regular
12968.0,112,1,135.95,0,High Value
12970.0,7,4,405.47,0,High Value
12971.0,4,86,11189.91,3,At Risk
12974.0,198,1,144.8,1,Regular
12976.0,212,1,738.6,1,Regular
12977.0,156,1,39.239999999999995,1,Regular
12980.0,158,9,7374.900000000001,0,High Value
12981.0,30,2,372.21999999999997,0,High Value
12982.0,243,1,390.54,1,Regular
12984.0,19,1,97.5,0,High Value
12985.0,1,2,1239.38,0,High Value
12987.0,74,2,558.7,0,High Value
12988.0,292,1,505.82,1,Regular
12989.0,3,15,6924.110000000001,3,At Risk
12990.0,31,3,409.5,0,High Value
12991.0,23,2,503.76,0,High Value
12993.0,23,4,414.76,0,High Value
12994.0,4,3,974.4200000000001,0,High Value
12995.0,85,1,211.32,0,High Value
12997.0,22,4,1226.89,0,High Value
12999.0,196,3,455.88,1,Regular
13000.0,107,3,534.85,0,High Value
13001.0,4,13,9785.970000000001,3,At Risk
13002.0,318,1,120.94999999999999,1,Regular
13003.0,106,3,149.05,0,High Value
13004.0,12,18,5655.91,3,At Risk
13005.0,174,2,513.7,1,Regular
13006.0,56,1,81.57,0,High Value
13008.0,323,1,229.46999999999997,1,Regular
13011.0,372,1,50.550000000000004,1,Regular
13012.0,9,8,1646.8400000000001,0,High Value
13013.0,1,13,4810.9400000000005,0,High Value
13014.0,11,10,3466.2799999999997,0,High Value
13015.0,53,5,3339.64,0,High Value
13016.0,73,3,789.89,0,High Value
13017.0,7,1,204.0,0,High Value
13018.0,16,28,7277.7,3,At Risk
13021.0,4,9,2616.38,0,High Value
13023.0,64,2,689.9,0,High Value
13026.0,1,5,975.36,0,High Value
13027.0,114,6,6912.0,0,High Value
13028.0,23,2,661.3199999999999,0,High Value
13029.0,31,3,1247.5,0,High Value
13030.0,11,2,752.4399999999999,0,High Value
13032.0,52,2,1010.18,0,High Value
13033.0,357,1,190.55,1,Regular
13034.0,55,2,642.77,0,High Value
13035.0,74,2,921.88,0,High Value
13037.0,138,3,881.07,0,High Value
13038.0,80,3,908.46,0,High Value
13040.0,9,2,676.99,0,High Value
13043.0,273,1,516.42,1,Regular
13044.0,291,1,560.47,1,Regular
13045.0,99,1,305.28000000000003,0,High Value
13046.0,31,2,629.31,0,High Value
13047.0,32,10,3237.54,0,High Value
13048.0,14,4,1819.41,0,High Value
13049.0,64,2,656.6800000000001,0,High Value
13050.0,15,17,5836.86,3,At Risk
13052.0,212,1,348.15000000000003,1,Regular
13055.0,78,3,1214.41,0,High Value
13058.0,25,3,271.40000000000003,0,High Value
13059.0,250,1,183.4,1,Regular
13060.0,254,1,307.53,1,Regular
13061.0,72,1,248.61,0,High Value
13062.0,191,1,346.98,1,Regular
13064.0,13,4,1105.59,0,High Value
13065.0,373,1,205.86,1,Regular
13066.0,24,2,470.8,0,High Value
13067.0,82,1,115.46000000000001,0,High Value
13068.0,10,2,344.0,0,High Value
13069.0,1,24,4431.44,3,At Risk
13070.0,192,1,228.8,1,Regular
13072.0,267,1,177.15,1,Regular
13075.0,130,1,919.61,0,High Value
13077.0,1,4,728.02,0,High Value
13078.0,3,26,12627.94,3,At Risk
13079.0,4,5,220.10000000000002,0,High Value
13080.0,179,1,58.08,1,Regular
13081.0,12,11,28337.38,3,At Risk
13082.0,126,9,3613.63,0,High Value
13083.0,4,2,303.75,0,High Value
13085.0,158,2,416.08000000000004,1,Regular
13089.0,3,97,58762.08,2,Occasional
13090.0,9,14,8910.82,3,At Risk
13091.0,28,1,345.82,0,High Value
13092.0,71,5,477.83,0,High Value
13093.0,276,8,7832.47,1,Regular
13094.0,21,12,1927.3200000000002,0,High Value
13095.0,71,1,74.39999999999999,0,High Value
13097.0,33,10,6003.22,0,High Value
13098.0,1,28,28882.44,3,At Risk
13099.0,99,1,207.35999999999999,0,High Value
13101.0,234,1,101.19,1,Regular
13102.0,1,24,6424.09,3,At Risk
13103.0,40,1,243.94,0,High Value
13104.0,3,6,1098.48,0,High Value
13106.0,133,1,76.5,0,High Value
13107.0,44,4,1531.6200000000001,0,High Value
13108.0,373,1,350.06,1,Regular
13109.0,60,2,786.54,0,High Value
13110.0,31,7,1488.67,0,High Value
13113.0,1,24,12245.960000000001,3,At Risk
13115.0,12,4,2294.78,0,High Value
13116.0,138,1,501.14,0,High Value
13117.0,22,8,984.91,0,High Value
13118.0,20,5,1197.81,0,High Value
13120.0,239,1,30.599999999999998,1,Regular
13121.0,269,1,283.73,1,Regular
13122.0,94,2,922.39,0,High Value
13124.0,90,3,3756.33,0,High Value
13126.0,5,8,2099.64,0,High Value
13127.0,78,1,259.17,0,High Value
13130.0,94,1,64.0,0,High Value
13131.0,23,3,1073.3,0,High Value
13132.0,262,1,77.3,1,Regular
13133.0,274,2,109.8,1,Regular
13134.0,86,4,1793.58,0,High Value
13135.0,197,1,3096.0,1,Regular
13136.0,56,5,2607.61,0,High Value
13137.0,11,8,3603.29,0,High Value
13138.0,22,6,962.39,0,High Value
13139.0,16,7,5064.94,0,High Value
13140.0,108,3,422.47,0,High Value
13141.0,85,5,2388.75,0,High Value
13142.0,19,1,307.09,0,High Value
13144.0,333,1,110.95,1,Regular
13145.0,40,4,618.52,0,High Value
13146.0,26,1,228.91,0,High Value
13147.0,10,4,712.8000000000001,0,High Value
13148.0,29,12,3683.26,0,High Value
13149.0,14,4,1676.06,0,High Value
13151.0,296,1,1257.8700000000001,1,Regular
13153.0,6,1,486.22,0,High Value
13155.0,33,4,971.76,0,High Value
13157.0,49,4,1741.22,0,High Value
13158.0,95,4,1201.06,0,High Value
13159.0,9,4,1429.35,0,High Value
13160.0,22,1,91.8,0,High Value
13161.0,313,1,112.75,1,Regular
13162.0,122,4,1688.29,0,High Value
13165.0,46,2,1021.48,0,High Value
13166.0,283,1,417.2,1,Regular
13167.0,19,4,791.33,0,High Value
13168.0,36,4,1299.59,0,High Value
13169.0,64,2,712.88,0,High Value
13170.0,27,1,108.81,0,High Value
13171.0,22,3,468.41,0,High Value
13173.0,4,2,353.65,0,High Value
13174.0,16,3,2742.82,0,High Value
13176.0,46,1,481.49,0,High Value
13177.0,65,1,282.45,0,High Value
13178.0,26,11,5725.47,0,High Value
13182.0,45,1,121.18,0,High Value
13183.0,8,9,3957.78,0,High Value
13184.0,15,10,1668.95,0,High Value
13185.0,268,1,71.4,1,Regular
13186.0,40,3,1575.89,0,High Value
13187.0,337,1,236.02,1,Regular
13188.0,11,1,114.60000000000001,0,High Value
13189.0,19,2,260.68,0,High Value
13192.0,95,2,911.94,0,High Value
13193.0,61,1,112.08,0,High Value
13194.0,136,1,60.7,0,High Value
13196.0,11,4,1797.78,0,High Value
13198.0,10,6,3401.2400000000002,0,High Value
13199.0,4,38,9817.12,3,At Risk
13200.0,19,4,870.09,0,High Value
13203.0,10,4,869.46,0,High Value
13207.0,15,2,250.26000000000002,0,High Value
13208.0,59,6,1217.65,0,High Value
13209.0,30,8,5891.61,0,High Value
13210.0,94,1,353.48,0,High Value
13211.0,10,3,1095.42,0,High Value
13212.0,20,3,786.83,0,High Value
13213.0,57,5,1520.58,0,High Value
13216.0,268,1,333.74,1,Regular
13217.0,122,3,533.98,0,High Value
13218.0,127,1,62.63999999999999,0,High Value
13220.0,78,4,819.2900000000001,0,High Value
13221.0,240,2,847.41,1,Regular
13223.0,200,2,163.20000000000002,1,Regular
13224.0,60,2,2155.95,0,High Value
13225.0,3,7,6463.84,0,High Value
13226.0,273,1,108.21000000000001,1,Regular
13227.0,202,1,257.7,1,Regular
13228.0,81,1,358.0,0,High Value
13229.0,226,1,160.95,1,Regular
13230.0,4,14,2755.63,0,High Value
13232.0,13,7,1328.35,0,High Value
13233.0,74,2,605.12,0,High Value
13235.0,212,1,1031.07,1,Regular
13236.0,25,2,744.85,0,High Value
13238.0,17,4,700.73,0,High Value
13239.0,262,1,329.56,1,Regular
13240.0,96,4,663.65,0,High Value
13242.0,112,3,270.40000000000003,0,High Value
13243.0,203,1,585.12,1,Regular
13244.0,93,1,121.74000000000001,0,High Value
13245.0,51,1,430.5,0,High Value
13246.0,18,6,1961.52,0,High Value
13247.0,18,4,501.12,0,High Value
13248.0,125,2,465.68,0,High Value
13249.0,92,3,711.41,0,High Value
13253.0,157,2,1030.4,1,Regular
13255.0,9,2,399.51,0,High Value
13258.0,12,3,672.83,0,High Value
13259.0,62,1,283.18,0,High Value
13260.0,61,1,557.62,0,High Value
13261.0,269,2,944.1,1,Regular
13262.0,263,1,200.29,1,Regular
13263.0,1,35,7436.93,3,At Risk
13265.0,53,5,2092.66,0,High Value
13266.0,11,12,3834.2599999999998,0,High Value
13267.0,3,19,4521.49,3,At Risk
13268.0,18,11,3174.75,0,High Value
13269.0,1,15,5343.28,3,At Risk
13270.0,366,1,590.0,1,Regular
13271.0,37,1,211.49,0,High Value
13272.0,31,2,276.56,0,High Value
13273.0,113,1,138.98,0,High Value
13276.0,64,2,590.9300000000001,0,High Value
13277.0,16,4,258.4,0,High Value
13278.0,41,1,542.73,0,High Value
13279.0,78,1,137.75,0,High Value
13280.0,122,3,798.46,0,High Value
13282.0,18,3,1132.14,0,High Value
13283.0,60,2,93.66,0,High Value
13284.0,331,1,201.19,1,Regular
13285.0,23,4,2709.12,0,High Value
13291.0,156,1,361.11,1,Regular
13292.0,39,2,578.9399999999999,0,High Value
13294.0,190,2,873.74,1,Regular
13295.0,360,1,201.20000000000002,1,Regular
13296.0,137,1,87.4,0,High Value
13297.0,8,4,2089.85,0,High Value
13298.0,1,1,360.0,0,High Value
13299.0,268,1,142.5,1,Regular
13300.0,169,1,371.89,1,Regular
13301.0,104,4,618.09,0,High Value
13302.0,155,1,63.75,1,Regular
13304.0,351,1,300.42,1,Regular
13305.0,4,10,2000.86,0,High Value
13307.0,120,1,15.0,0,High Value
13308.0,23,3,1385.51,0,High Value
13309.0,7,5,1456.79,0,High Value
13310.0,28,3,1132.03,0,High Value
13311.0,4,2,598.57,0,High Value
13313.0,22,5,1555.32,0,High Value
13314.0,2,3,775.94,0,High Value
13316.0,37,4,5732.93,0,High Value
13317.0,66,6,2273.68,0,High Value
13318.0,1,3,640.76,0,High Value
13319.0,5,26,10845.550000000001,3,At Risk
13320.0,78,4,1532.2,0,High Value
13321.0,72,2,567.36,0,High Value
13322.0,17,1,199.48000000000002,0,High Value
13323.0,3,5,787.85,0,High Value
13324.0,36,10,7121.95,0,High Value
13325.0,82,1,675.3,0,High Value
13327.0,39,8,3627.77,0,High Value
13328.0,316,1,1308.48,1,Regular
13329.0,32,2,789.0,0,High Value
13330.0,93,3,1140.93,0,High Value
13332.0,14,1,350.9,0,High Value
13334.0,82,3,3502.32,0,High Value
13336.0,77,1,795.12,0,High Value
13338.0,158,1,487.02,1,Regular
13339.0,201,1,860.12,1,Regular
13340.0,45,7,10736.48,0,High Value
13341.0,261,1,775.85,1,Regular
13343.0,178,1,353.43,1,Regular
13344.0,68,3,2511.69,0,High Value
13345.0,288,1,389.5,1,Regular
13347.0,70,1,341.36,0,High Value
13348.0,64,1,233.76,0,High Value
13349.0,11,1,247.32,0,High Value
13350.0,16,2,979.12,0,High Value
13351.0,66,1,373.94,0,High Value
13352.0,60,1,397.97999999999996,0,High Value
13354.0,71,1,743.53,0,High Value
13355.0,122,1,674.7,0,High Value
13356.0,80,1,768.24,0,High Value
13357.0,257,1,609.4,1,Regular
13358.0,269,1,439.03,1,Regular
13359.0,64,1,439.56,0,High Value
13362.0,9,4,3090.7400000000002,0,High Value
13363.0,18,2,992.5,0,High Value
13364.0,71,1,134.95999999999998,0,High Value
13365.0,34,2,2225.37,0,High Value
13366.0,50,1,56.160000000000004,0,High Value
13368.0,257,2,623.4,1,Regular
13369.0,366,1,308.28000000000003,1,Regular
13370.0,372,1,754.87,1,Regular
13372.0,90,1,378.64,0,High Value
13373.0,61,3,3312.25,0,High Value
13375.0,89,1,778.65,0,High Value
13376.0,99,3,1019.76,0,High Value
13379.0,26,3,572.56,0,High Value
13381.0,32,6,3639.31,0,High Value
13382.0,281,1,222.99,1,Regular
13384.0,31,7,4151.93,0,High Value
13385.0,330,1,534.57,1,Regular
13388.0,131,2,677.1,0,High Value
13389.0,11,3,797.96,0,High Value
13390.0,75,1,544.08,0,High Value
13391.0,204,1,59.8,1,Regular
13394.0,2,8,2520.02,0,High Value
13395.0,185,1,307.72,1,Regular
13396.0,29,2,1360.99,0,High Value
13397.0,73,5,1544.13,0,High Value
13398.0,192,1,457.34,1,Regular
13402.0,127,2,621.23,0,High Value
13403.0,18,1,75.0,0,High Value
13404.0,1,2,252.49,0,High Value
13405.0,74,3,572.451,0,High Value
13408.0,2,62,28117.04,3,At Risk
13410.0,24,5,1003.06,0,High Value
13411.0,107,1,213.55,0,High Value
13414.0,134,3,1390.5,0,High Value
13416.0,44,2,712.5,0,High Value
13417.0,5,2,640.83,0,High Value
13418.0,12,18,6127.43,3,At Risk
13419.0,64,1,221.06,0,High Value
13420.0,150,2,159.85,1,Regular
13421.0,40,2,1833.71,0,High Value
13422.0,64,1,2626.3,0,High Value
13425.0,108,3,1624.21,0,High Value
13426.0,1,10,3641.32,0,High Value
13427.0,19,3,582.6,0,High Value
13428.0,10,1,201.78,0,High Value
13429.0,11,4,1006.8,0,High Value
13430.0,19,2,679.45,0,High Value
13431.0,67,2,1269.1,0,High Value
13434.0,74,2,534.24,0,High Value
13435.0,5,7,3809.8900000000003,0,High Value
13436.0,2,1,196.89,0,High Value
13437.0,14,7,3408.06,0,High Value
13439.0,255,1,283.71,1,Regular
13441.0,92,1,296.64,0,High Value
13447.0,23,3,1129.14,0,High Value
13448.0,17,6,3534.69,0,High Value
13449.0,24,1,291.88,0,High Value
13450.0,27,6,2043.7199999999998,0,High Value
13451.0,26,5,2898.2599999999998,0,High Value
13452.0,259,2,590.0,1,Regular
13453.0,166,2,356.97999999999996,1,Regular
13455.0,25,2,1058.34,0,High Value
13456.0,18,6,1766.72,0,High Value
13458.0,7,14,9646.57,3,At Risk
13460.0,29,2,183.44,0,High Value
13461.0,39,3,1445.0,0,High Value
13462.0,253,1,151.5,1,Regular
13464.0,58,1,674.68,0,High Value
13466.0,184,1,307.9,1,Regular
13467.0,11,2,1071.91,0,High Value
13468.0,2,37,5704.97,3,At Risk
13470.0,99,2,165.0,0,High Value
13471.0,1,4,2501.84,0,High Value
13473.0,61,2,422.64,0,High Value
13474.0,236,1,226.84,1,Regular
13475.0,191,4,1431.78,1,Regular
13476.0,179,2,1238.47,1,Regular
13477.0,38,6,1454.58,0,High Value
13479.0,201,2,300.95,1,Regular
13481.0,46,5,1804.56,0,High Value
13482.0,232,1,184.64,1,Regular
13483.0,66,1,140.34,0,High Value
13484.0,241,1,313.8,1,Regular
13485.0,233,1,454.24,1,Regular
13486.0,78,3,1122.41,0,High Value
13487.0,58,3,575.4,0,High Value
13488.0,17,13,8968.31,3,At Risk
13489.0,105,4,449.52,0,High Value
13491.0,52,10,1215.82,0,High Value
13492.0,136,3,1269.84,0,High Value
13493.0,275,2,618.63,1,Regular
13494.0,312,1,316.26000000000005,1,Regular
13495.0,8,5,2044.8700000000001,0,High Value
13496.0,11,2,653.33,0,High Value
13497.0,283,2,348.05,1,Regular
13499.0,18,5,1159.11,0,High Value
13500.0,23,3,1166.77,0,High Value
13501.0,288,1,1340.32,1,Regular
13502.0,17,3,292.0,0,High Value
13503.0,71,1,216.85,0,High Value
13504.0,64,1,295.93,0,High Value
13505.0,73,4,4393.63,0,High Value
13506.0,316,2,458.52,1,Regular
13507.0,3,4,2479.16,0,High Value
13508.0,244,1,110.97,1,Regular
13509.0,9,7,979.72,0,High Value
13510.0,1,4,1791.56,0,High Value
13512.0,261,1,251.21,1,Regular
13513.0,127,1,205.1,0,High Value
13514.0,74,1,152.20000000000002,0,High Value
13515.0,73,4,891.12,0,High Value
13516.0,21,3,1389.41,0,High Value
13517.0,60,3,2128.42,0,High Value
13518.0,86,1,627.16,0,High Value
13519.0,78,1,122.75,0,High Value
13520.0,59,6,3624.35,0,High Value
13521.0,1,3,1071.73,0,High Value
13522.0,30,1,125.80000000000001,0,High Value
13523.0,33,5,3964.88,0,High Value
13524.0,41,5,680.1800000000001,0,High Value
13525.0,15,2,628.78,0,High Value
13527.0,34,7,2242.36,0,High Value
13529.0,79,2,307.76,0,High Value
13531.0,205,2,483.8,1,Regular
13532.0,34,1,210.31,0,High Value
13533.0,183,3,269.09,1,Regular
13534.0,2,25,5870.08,3,At Risk
13536.0,1,7,3444.39,0,High Value
13538.0,43,7,1280.85,0,High Value
13539.0,86,3,631.34,0,High Value
13544.0,40,2,276.06,0,High Value
13546.0,12,3,621.09,0,High Value
13548.0,96,2,678.16,0,High Value
13549.0,26,7,918.2,0,High Value
13551.0,319,1,91.80000000000001,1,Regular
13552.0,66,12,3740.07,0,High Value
13555.0,74,4,4098.88,0,High Value
13557.0,28,2,584.06,0,High Value
13558.0,6,4,594.52,0,High Value
13560.0,7,1,171.42000000000002,0,High Value
13561.0,216,1,141.85999999999999,1,Regular
13562.0,82,3,1799.33,0,High Value
13563.0,84,2,777.53,0,High Value
13564.0,144,3,1724.67,0,High Value
13565.0,19,2,240.22,0,High Value
13566.0,41,2,856.84,0,High Value
13568.0,173,1,187.05,1,Regular
13569.0,17,2,338.62,0,High Value
13570.0,243,1,239.49,1,Regular
13571.0,13,12,2088.94,0,High Value
13572.0,206,1,1384.25,1,Regular
13573.0,50,2,290.25,0,High Value
13575.0,23,5,732.0699999999999,0,High Value
13576.0,10,18,6717.34,3,At Risk
13577.0,25,4,1687.6000000000001,0,High Value
13579.0,15,2,467.04,0,High Value
13581.0,309,1,118.0,1,Regular
13583.0,156,1,781.03,1,Regular
13584.0,307,1,142.4,1,Regular
13587.0,64,1,712.4,0,High Value
13588.0,16,9,2478.95,0,High Value
13589.0,15,2,379.65,0,High Value
13590.0,11,6,1981.92,0,High Value
13591.0,65,3,1117.13,0,High Value
13592.0,36,4,247.95999999999998,0,High Value
13593.0,108,5,2011.88,0,High Value
13594.0,53,1,396.97,0,High Value
13596.0,6,2,664.11,0,High Value
13598.0,47,1,160.04,0,High Value
13599.0,1,21,5149.92,3,At Risk
13600.0,312,1,219.52,1,Regular
13601.0,45,2,693.32,0,High Value
13602.0,65,1,428.89,0,High Value
13603.0,26,1,164.34,0,High Value
13606.0,29,3,276.75,0,High Value
13607.0,40,1,675.51,0,High Value
13610.0,12,7,1082.33,0,High Value
13611.0,89,3,1154.4,0,High Value
13614.0,24,4,1585.46,0,High Value
13615.0,319,1,417.69,1,Regular
13617.0,40,3,544.18,0,High Value
13618.0,174,1,177.34,1,Regular
13621.0,117,1,213.85,0,High Value
13623.0,31,5,727.74,0,High Value
13626.0,253,1,257.23,1,Regular
13627.0,59,5,1638.47,0,High Value
13629.0,23,11,7792.36,0,High Value
13630.0,5,7,2031.78,0,High Value
13631.0,100,11,3070.42,0,High Value
13632.0,25,5,2118.93,0,High Value
13634.0,33,5,1547.3600000000001,0,High Value
13635.0,68,1,1071.03,0,High Value
13636.0,37,5,949.12,0,High Value
13637.0,52,3,804.3,0,High Value
13638.0,16,1,122.64,0,High Value
13639.0,74,1,1033.34,0,High Value
13642.0,216,1,312.28,1,Regular
13643.0,31,3,519.44,0,High Value
13644.0,16,4,2624.26,0,High Value
13645.0,120,1,252.1,0,High Value
13647.0,10,4,1648.1200000000001,0,High Value
13649.0,257,2,346.6,1,Regular
13650.0,17,6,1836.34,0,High Value
13651.0,35,2,94.2,0,High Value
13652.0,46,3,1095.08,0,High Value
13654.0,43,6,2707.33,0,High Value
13655.0,114,2,932.97,0,High Value
13656.0,165,2,379.65,1,Regular
13657.0,11,2,382.14,0,High Value
13658.0,10,5,2639.17,0,High Value
13659.0,206,2,1563.0,1,Regular
13662.0,86,3,881.26,0,High Value
13663.0,179,1,189.47,1,Regular
13666.0,60,3,84.65,0,High Value
13667.0,149,1,299.05,1,Regular
13668.0,3,21,6309.83,3,At Risk
13669.0,51,2,218.55,0,High Value
13670.0,75,1,349.7,0,High Value
13672.0,301,2,186.39000000000001,1,Regular
13673.0,19,2,387.44,0,High Value
13675.0,151,2,486.82000000000005,1,Regular
13678.0,152,1,232.6,1,Regular
13680.0,1,4,3719.12,0,High Value
13681.0,18,4,827.83,0,High Value
13682.0,187,1,59.5,1,Regular
13684.0,286,1,65.13,1,Regular
13685.0,3,7,3119.44,0,High Value
13686.0,183,1,72.0,1,Regular
13689.0,63,1,910.0,0,High Value
13690.0,59,1,172.25,0,High Value
13692.0,25,3,1488.32,0,High Value
13694.0,4,50,65039.62,3,At Risk
13695.0,31,15,2504.13,0,High Value
13697.0,39,1,151.29999999999998,0,High Value
13699.0,155,1,308.58000000000004,1,Regular
13700.0,26,10,2248.63,0,High Value
13703.0,318,1,99.5,1,Regular
13704.0,5,9,2308.06,0,High Value
13705.0,8,3,711.86,0,High Value
13706.0,303,1,330.79,1,Regular
13707.0,267,2,806.41,1,Regular
13708.0,271,1,285.33,1,Regular
13709.0,4,13,6307.650000000001,0,High Value
13710.0,32,1,180.48,0,High Value
13711.0,219,2,252.06,1,Regular
13712.0,247,1,228.84,1,Regular
13715.0,281,5,1077.39,1,Regular
13716.0,269,1,138.28,1,Regular
13717.0,32,6,1445.01,0,High Value
13718.0,246,2,306.55,1,Regular
13719.0,15,5,1041.68,0,High Value
13720.0,117,4,799.9,0,High Value
13721.0,36,1,524.14,0,High Value
13722.0,132,3,2375.41,0,High Value
13723.0,217,1,199.85000000000002,1,Regular
13725.0,50,8,1980.56,0,High Value
13726.0,39,2,1079.6599999999999,0,High Value
13727.0,29,2,333.48,0,High Value
13728.0,37,6,1016.14,0,High Value
13730.0,136,2,752.6,0,High Value
13731.0,219,2,610.59,1,Regular
13732.0,28,1,491.86,0,High Value
13735.0,25,4,2883.54,0,High Value
13736.0,5,2,729.8,0,High Value
13737.0,200,1,339.59999999999997,1,Regular
13739.0,18,1,216.9,0,High Value
13740.0,241,1,350.75,1,Regular
13741.0,72,3,668.4300000000001,0,High Value
13742.0,17,12,3107.87,0,High Value
13743.0,3,7,1341.6,0,High Value
13744.0,95,2,1080.52,0,High Value
13745.0,162,1,300.04,1,Regular
13747.0,374,1,79.6,1,Regular
13748.0,96,5,948.25,0,High Value
13750.0,54,5,1647.26,0,High Value
13751.0,288,1,296.25,1,Regular
13752.0,124,6,1175.38,0,High Value
13753.0,288,1,741.26,1,Regular
13754.0,152,2,282.59999999999997,1,Regular
13755.0,4,9,2108.06,0,High Value
13756.0,2,14,5189.52,3,At Risk
13758.0,12,7,3190.55,0,High Value
13759.0,33,2,659.4100000000001,0,High Value
13760.0,54,2,286.79,0,High Value
13761.0,50,2,1070.65,0,High Value
13762.0,219,1,306.72,1,Regular
13763.0,63,1,1714.96,0,High Value
13764.0,71,3,1519.42,0,High Value
13767.0,2,37,17220.36,3,At Risk
13769.0,2,10,2796.51,0,High Value
13771.0,64,4,2634.45,0,High Value
13772.0,34,3,1122.63,0,High Value
13774.0,82,1,345.0,0,High Value
13777.0,1,33,25977.16,3,At Risk
13778.0,103,1,178.7,0,High Value
13780.0,7,2,360.01,0,High Value
13781.0,251,1,127.84,1,Regular
13782.0,13,6,908.86,0,High Value
13784.0,10,11,2462.79,0,High Value
13786.0,367,1,230.39999999999998,1,Regular
13787.0,76,2,309.04,0,High Value
13790.0,4,1,348.8,0,High Value
13791.0,128,2,1516.0,0,High Value
13792.0,66,2,195.55,0,High Value
13798.0,1,57,37153.85,3,At Risk
13799.0,117,2,688.86,0,High Value
13800.0,310,1,558.32,1,Regular
13801.0,67,1,324.8,0,High Value
13802.0,139,3,4599.42,0,High Value
13803.0,255,1,277.07,1,Regular
13804.0,31,7,2588.39,0,High Value
13805.0,52,2,924.6,0,High Value
13806.0,64,1,256.38,0,High Value
13807.0,367,1,112.6,1,Regular
13808.0,6,5,1747.66,0,High Value
13809.0,305,1,155.05,1,Regular
13810.0,29,3,1499.01,0,High Value
13811.0,184,3,814.5,1,Regular
13812.0,42,3,539.0,0,High Value
13813.0,40,4,1366.8600000000001,0,High Value
13814.0,92,2,1579.12,0,High Value
13815.0,22,4,4027.36,0,High Value
13816.0,24,2,571.6700000000001,0,High Value
13817.0,29,2,382.98,0,High Value
13819.0,302,3,1140.35,1,Regular
13821.0,145,2,385.64,1,Regular
13822.0,6,2,632.0,0,High Value
13823.0,19,2,957.66,0,High Value
13824.0,33,5,1698.94,0,High Value
13826.0,176,1,189.5,1,Regular
13827.0,58,3,409.8,0,High Value
13828.0,22,1,209.49,0,High Value
13831.0,16,6,2198.45,0,High Value
13832.0,19,1,52.199999999999996,0,High Value
13833.0,159,1,383.85,1,Regular
13835.0,25,4,834.57,0,High Value
13837.0,212,2,266.59000000000003,1,Regular
13838.0,6,4,674.82,0,High Value
13841.0,253,1,85.0,1,Regular
13842.0,59,9,3385.62,0,High Value
13844.0,11,1,361.62,0,High Value
13845.0,65,1,312.98,0,High Value
13846.0,25,3,865.0600000000001,0,High Value
13848.0,92,3,1255.0,0,High Value
13849.0,52,2,1537.95,0,High Value
13850.0,129,1,1595.48,0,High Value
13851.0,96,3,2651.46,0,High Value
13853.0,57,1,1090.14,0,High Value
13854.0,9,25,8109.5199999999995,3,At Risk
13856.0,169,3,388.5,1,Regular
13858.0,57,1,216.17,0,High Value
13859.0,326,1,201.16,1,Regular
13860.0,1,5,1245.9,0,High Value
13862.0,18,8,2209.36,0,High Value
13863.0,248,1,305.78,1,Regular
13865.0,58,4,501.56,0,High Value
13866.0,74,1,145.67000000000002,0,High Value
13867.0,31,3,1005.09,0,High Value
13868.0,7,2,3192.54,0,High Value
13869.0,123,4,3083.65,0,High Value
13870.0,2,8,2770.94,0,High Value
13871.0,23,13,6403.25,0,High Value
13873.0,120,3,389.6,0,High Value
13874.0,358,1,540.45,1,Regular
13875.0,54,5,1786.79,0,High Value
13876.0,64,1,122.7,0,High Value
13877.0,86,1,117.24,0,High Value
13878.0,55,1,1271.57,0,High Value
13880.0,21,13,3219.77,0,High Value
13881.0,4,20,17159.52,3,At Risk
13882.0,3,5,1191.13,0,High Value
13883.0,11,5,2674.48,0,High Value
13884.0,7,5,787.6,0,High Value
13885.0,189,2,506.8,1,Regular
13886.0,71,1,243.56,0,High Value
13887.0,204,1,349.55,1,Regular
13888.0,120,2,595.67,0,High Value
13889.0,93,1,416.90000000000003,0,High Value
13890.0,1,10,1883.8100000000002,0,High Value
13892.0,27,4,632.97,0,High Value
13893.0,298,1,821.1,1,Regular
13894.0,24,3,564.62,0,High Value
13895.0,28,4,2593.07,0,High Value
13897.0,50,1,311.16,0,High Value
13898.0,326,1,155.93,1,Regular
13899.0,16,2,388.52,0,High Value
13900.0,183,3,740.95,1,Regular
13901.0,72,5,2867.2,0,High Value
13904.0,37,2,332.64,0,High Value
13908.0,80,4,2369.55,0,High Value
13911.0,57,9,2580.91,0,High Value
13914.0,12,2,626.45,0,High Value
13917.0,50,2,272.04,0,High Value
13918.0,50,2,1212.8400000000001,0,High Value
13919.0,59,2,384.81,0,High Value
13922.0,352,1,172.25,1,Regular
13923.0,54,1,351.13,0,High Value
13924.0,2,6,1838.8500000000001,0,High Value
13925.0,93,4,678.25,0,High Value
13926.0,23,1,223.85000000000002,0,High Value
13927.0,75,1,348.99,0,High Value
13928.0,11,4,464.57,0,High Value
13929.0,169,2,842.65,1,Regular
13930.0,58,2,337.34,0,High Value
13931.0,96,2,1237.53,0,High Value
13932.0,295,1,307.4,1,Regular
13933.0,109,2,608.7900000000001,0,High Value
13934.0,264,1,922.1,1,Regular
13936.0,180,1,376.58,1,Regular
13937.0,169,1,158.85,1,Regular
13938.0,35,1,71.66,0,High Value
13939.0,23,3,568.55,0,High Value
13940.0,17,4,839.14,0,High Value
13941.0,22,5,5112.96,0,High Value
13946.0,79,3,561.5699999999999,0,High Value
13947.0,65,1,90.6,0,High Value
13948.0,361,1,102.0,1,Regular
13949.0,3,6,2427.32,0,High Value
13950.0,11,4,745.06,0,High Value
13951.0,176,3,674.45,1,Regular
13952.0,218,2,3251.071,1,Regular
13953.0,7,7,3515.68,0,High Value
13954.0,2,2,439.92,0,High Value
13955.0,154,2,322.96,1,Regular
13956.0,5,5,1019.27,0,High Value
13959.0,79,3,594.04,0,High Value
13960.0,21,2,230.22,0,High Value
13962.0,22,2,169.55,0,High Value
13963.0,308,4,664.54,1,Regular
13967.0,146,1,80.7,1,Regular
13969.0,7,18,9024.17,3,At Risk
13971.0,19,8,2758.26,0,High Value
13972.0,71,2,190.25,0,High Value
13973.0,287,1,264.7,1,Regular
13974.0,49,1,413.59000000000003,0,High Value
13975.0,31,6,2461.2400000000002,0,High Value
13976.0,207,1,357.98,1,Regular
13978.0,15,2,196.79000000000002,0,High Value
13979.0,73,1,869.87,0,High Value
13980.0,60,1,200.14,0,High Value
13982.0,39,4,1871.81,0,High Value
13983.0,30,12,2603.43,0,High Value
13984.0,27,5,920.51,0,High Value
13985.0,4,15,7060.13,3,At Risk
13986.0,17,1,320.46,0,High Value
13988.0,20,6,4147.96,0,High Value
13989.0,66,2,1266.08,0,High Value
13990.0,213,1,311.3,1,Regular
13991.0,12,6,852.88,0,High Value
13992.0,30,1,76.8,0,High Value
13993.0,43,9,3466.36,0,High Value
13994.0,4,6,2274.14,0,High Value
13995.0,15,5,1393.69,0,High Value
13999.0,10,12,3901.81,0,High Value
14000.0,211,1,635.66,1,Regular
14001.0,46,3,2043.0800000000002,0,High Value
14002.0,134,2,529.73,0,High Value
14004.0,43,7,4582.64,0,High Value
14005.0,10,5,2874.72,0,High Value
14006.0,116,3,962.19,0,High Value
14009.0,198,2,695.61,1,Regular
14012.0,278,1,328.8,1,Regular
14013.0,110,3,473.02,0,High Value
14014.0,77,1,505.18,0,High Value
14015.0,53,1,917.34,0,High Value
14016.0,162,4,4341.21,1,Regular
14019.0,47,3,1421.61,0,High Value
14020.0,17,2,642.8,0,High Value
14021.0,155,3,631.9,1,Regular
14022.0,225,1,440.0,1,Regular
14023.0,7,2,584.07,0,High Value
14024.0,122,2,327.7,0,High Value
14027.0,61,1,104.82,0,High Value
14029.0,63,2,467.66,0,High Value
14030.0,18,8,2358.84,0,High Value
14031.0,7,19,17286.86,3,At Risk
14032.0,2,11,2975.59,0,High Value
14034.0,22,3,648.89,0,High Value
14035.0,29,5,1428.02,0,High Value
14036.0,285,1,626.65,1,Regular
14037.0,176,2,147.20000000000002,1,Regular
14038.0,78,3,1560.38,0,High Value
14039.0,33,1,152.2,0,High Value
14040.0,41,12,3560.32,0,High Value
14041.0,266,1,141.41,1,Regular
14044.0,27,4,646.42,0,High Value
14045.0,109,4,1659.75,0,High Value
14046.0,284,1,154.99,1,Regular
14047.0,9,5,1308.6100000000001,0,High Value
14048.0,305,1,409.93,1,Regular
14049.0,17,4,5578.72,0,High Value
14050.0,32,2,746.36,0,High Value
14051.0,1,23,15610.390000000001,3,At Risk
14052.0,20,1,225.36,0,High Value
14053.0,124,2,260.25,0,High Value
14054.0,65,1,92.46,0,High Value
14055.0,106,1,725.6400000000001,0,High Value
14056.0,1,23,8152.71,3,At Risk
14057.0,24,17,6211.66,3,At Risk
14059.0,267,1,183.6,1,Regular
14060.0,5,19,6140.42,3,At Risk
14062.0,10,12,10464.85,3,At Risk
14064.0,29,5,1334.34,0,High Value
14066.0,267,1,152.55,1,Regular
14067.0,64,2,374.7,0,High Value
14068.0,320,1,265.85,1,Regular
14071.0,4,8,1437.57,0,High Value
14073.0,32,1,151.04,0,High Value
14075.0,5,3,942.26,0,High Value
14076.0,129,1,118.67,0,High Value
14077.0,41,5,499.41999999999996,0,High Value
14078.0,102,6,1049.37,0,High Value
14079.0,125,1,375.1,0,High Value
14080.0,33,1,45.599999999999994,0,High Value
14081.0,302,2,921.62,1,Regular
14082.0,365,1,182.25,1,Regular
14083.0,4,9,1002.9,0,High Value
14085.0,2,18,4421.29,3,At Risk
14087.0,3,1,191.47,0,High Value
14088.0,10,13,50491.81,3,At Risk
14089.0,57,1,158.75,0,High Value
14090.0,325,1,76.32000000000001,1,Regular
14092.0,8,14,4076.91,0,High Value
14093.0,12,1,433.86,0,High Value
14096.0,4,17,65164.79,3,At Risk
14098.0,37,1,147.35,0,High Value
14099.0,16,11,3104.17,0,High Value
14100.0,138,1,191.95000000000002,0,High Value
14101.0,74,6,5976.79,0,High Value
14102.0,5,5,1105.8799999999999,0,High Value
14104.0,155,2,216.20999999999998,1,Regular
14105.0,239,1,1266.23,1,Regular
14107.0,52,7,2703.23,0,High Value
14108.0,31,2,597.91,0,High Value
14109.0,73,1,144.2,0,High Value
14110.0,4,12,5683.15,0,High Value
14111.0,14,4,692.85,0,High Value
14112.0,23,7,2915.15,0,High Value
14113.0,4,4,1840.42,0,High Value
14114.0,274,2,386.53,1,Regular
14116.0,20,5,1382.74,0,High Value
14117.0,144,1,90.0,1,Regular
14121.0,4,4,2780.15,0,High Value
14124.0,84,1,419.58000000000004,0,High Value
14125.0,11,3,2720.63,0,High Value
14126.0,8,3,706.1300000000001,0,High Value
14127.0,123,3,709.71,0,High Value
14128.0,61,2,637.5,0,High Value
14129.0,2,5,1123.8600000000001,0,High Value
14130.0,319,1,480.91,1,Regular
14132.0,2,11,3586.0299999999997,0,High Value
14133.0,130,3,605.64,0,High Value
14135.0,2,15,4690.31,3,At Risk
14138.0,2,2,965.8800000000001,0,High Value
14139.0,46,1,415.82,0,High Value
14140.0,4,2,935.05,0,High Value
14141.0,3,4,915.13,0,High Value
14142.0,373,1,311.81,1,Regular
14143.0,134,1,115.8,0,High Value
14145.0,47,4,3742.2,0,High Value
14146.0,9,5,4191.0,0,High Value
14147.0,78,2,483.4,0,High Value
14148.0,234,1,157.2,1,Regular
14149.0,221,1,446.62,1,Regular
14150.0,36,2,658.64,0,High Value
14152.0,75,2,621.29,0,High Value
14154.0,239,2,1345.62,1,Regular
14155.0,266,1,118.75,1,Regular
14156.0,10,55,117210.08,2,Occasional
14157.0,20,2,424.89000000000004,0,High Value
14158.0,40,1,507.66,0,High Value
14159.0,20,11,4630.35,0,High Value
14161.0,216,3,1097.6200000000001,1,Regular
14162.0,174,2,289.36,1,Regular
14163.0,87,4,2445.91,0,High Value
14164.0,71,2,1631.77,0,High Value
14165.0,276,1,120.44,1,Regular
14167.0,39,4,562.59,0,High Value
14171.0,98,1,363.79,0,High Value
14173.0,11,4,450.84,0,High Value
14174.0,33,1,134.46,0,High Value
14175.0,60,3,3222.3,0,High Value
14176.0,297,4,576.9000000000001,1,Regular
14177.0,86,4,549.46,0,High Value
14178.0,9,7,1600.26,0,High Value
14179.0,41,2,701.57,0,High Value
14180.0,11,25,4748.52,3,At Risk
14184.0,67,1,452.89,0,High Value
14185.0,331,1,197.65,1,Regular
14188.0,31,6,2054.36,0,High Value
14189.0,2,15,4654.08,3,At Risk
14191.0,2,13,4684.76,0,High Value
14193.0,68,2,853.39,0,High Value
14194.0,5,21,11349.52,3,At Risk
14195.0,202,2,1012.0,1,Regular
14196.0,107,1,335.52,0,High Value
14198.0,18,4,701.4,0,High Value
14199.0,218,1,185.39999999999998,1,Regular
14201.0,60,7,747.44,0,High Value
14204.0,2,1,150.61,0,High Value
14205.0,17,2,466.7,0,High Value
14206.0,239,1,328.15999999999997,1,Regular
14208.0,95,1,151.74,0,High Value
14209.0,11,6,2073.43,0,High Value
14210.0,106,6,1905.8400000000001,0,High Value
14211.0,53,9,2241.1,0,High Value
14212.0,90,1,1070.48,0,High Value
14214.0,31,5,1004.38,0,High Value
14215.0,12,6,1789.72,0,High Value
14216.0,3,4,1839.3,0,High Value
14217.0,2,17,2004.98,3,At Risk
14218.0,43,1,169.48000000000002,0,High Value
14219.0,4,1,89.94,0,High Value
14220.0,247,2,632.4,1,Regular
14221.0,42,9,3432.8,0,High Value
14222.0,177,1,683.17,1,Regular
14223.0,92,3,991.13,0,High Value
14224.0,110,4,1009.73,0,High Value
14226.0,29,5,2214.79,0,High Value
14227.0,26,10,3350.96,0,High Value
14229.0,52,3,1547.2,0,High Value
14231.0,184,3,925.71,1,Regular
14232.0,43,5,2048.07,0,High Value
14233.0,49,4,1462.72,0,High Value
14234.0,22,4,754.12,0,High Value
14235.0,75,5,3144.86,0,High Value
14236.0,81,2,490.86,0,High Value
14237.0,373,1,161.0,1,Regular
14238.0,326,1,146.85,1,Regular
14239.0,43,11,2380.85,0,High Value
14240.0,30,2,890.34,0,High Value
14241.0,184,1,213.70000000000002,1,Regular
14242.0,235,2,280.55,1,Regular
14243.0,9,10,2588.77,0,High Value
14245.0,220,2,1693.45,1,Regular
14246.0,111,3,1474.06,0,High Value
14247.0,278,1,136.76999999999998,1,Regular
14248.0,318,1,302.58,1,Regular
14250.0,7,3,1904.05,0,High Value
14251.0,2,5,2879.7000000000003,0,High Value
14256.0,260,2,969.0600000000001,1,Regular
14257.0,64,5,3099.7200000000003,0,High Value
14258.0,9,9,12669.98,0,High Value
14259.0,142,1,120.0,0,High Value
14261.0,51,2,1163.45,0,High Value
14262.0,8,8,2618.23,0,High Value
14264.0,155,2,333.97,1,Regular
14265.0,109,2,530.18,0,High Value
14267.0,163,3,1516.24,1,Regular
14270.0,332,1,492.65000000000003,1,Regular
14271.0,226,1,112.32,1,Regular
14272.0,74,2,437.96,0,High Value
14273.0,51,4,559.97,0,High Value
14276.0,99,3,1119.74,0,High Value
14277.0,15,3,4188.0,0,High Value
14280.0,197,1,134.04,1,Regular
14282.0,3,15,3701.44,3,At Risk
14284.0,31,2,595.25,0,High Value
14285.0,21,4,1910.01,0,High Value
14286.0,24,3,4628.75,0,High Value
14287.0,8,3,176.63,0,High Value
14288.0,213,1,426.6,1,Regular
14289.0,9,6,911.26,0,High Value
14290.0,11,5,2314.65,0,High Value
14291.0,2,11,3883.25,0,High Value
14292.0,8,9,4871.93,0,High Value
14293.0,3,4,1046.56,0,High Value
14295.0,40,1,166.20000000000002,0,High Value
14297.0,18,4,1305.33,0,High Value
14298.0,8,44,51527.3,3,At Risk
14299.0,8,9,3965.62,0,High Value
14300.0,19,1,43.2,0,High Value
14301.0,117,1,640.14,0,High Value
14304.0,223,1,383.45,1,Regular
14305.0,71,3,1858.96,0,High Value
14306.0,51,2,2093.32,0,High Value
14307.0,89,6,2995.72,0,High Value
14309.0,8,9,2352.53,0,High Value
14311.0,243,1,310.26,1,Regular
14312.0,47,6,1611.59,0,High Value
14314.0,107,1,120.0,0,High Value
14315.0,45,6,2481.13,0,High Value
14317.0,65,1,508.58000000000004,0,High Value
14320.0,207,2,477.79,1,Regular
14321.0,11,5,1530.75,0,High Value
14323.0,115,2,605.0600000000001,0,High Value
14326.0,242,1,183.85,1,Regular
14327.0,163,1,311.65,1,Regular
14329.0,17,7,4975.24,0,High Value
14331.0,124,2,462.65999999999997,0,High Value
14332.0,23,3,840.21,0,High Value
14333.0,68,1,415.2,0,High Value
14334.0,17,8,2552.21,0,High Value
14335.0,16,2,454.86,0,High Value
14336.0,17,4,1614.91,0,High Value
14338.0,161,2,588.22,1,Regular
14339.0,243,1,309.52,1,Regular
14340.0,219,1,134.7,1,Regular
14341.0,45,8,2166.98,0,High Value
14342.0,21,4,668.5600000000001,0,High Value
14344.0,127,8,889.9300000000001,0,High Value
14345.0,39,1,108.97999999999999,0,High Value
14346.0,121,2,1021.58,0,High Value
14348.0,260,1,409.57,1,Regular
14349.0,10,1,133.5,0,High Value
14350.0,274,1,282.93,1,Regular
14351.0,165,1,51.0,1,Regular
14352.0,157,4,1078.96,1,Regular
14353.0,215,1,90.6,1,Regular
14354.0,6,2,163.62,0,High Value
14355.0,366,1,174.4,1,Regular
14356.0,80,2,701.23,0,High Value
14357.0,43,1,225.12,0,High Value
14359.0,19,3,912.18,0,High Value
14360.0,32,4,2118.03,0,High Value
14362.0,22,1,151.5,0,High Value
14364.0,109,8,3717.35,0,High Value
14367.0,8,16,9227.82,3,At Risk
14368.0,320,1,155.0,1,Regular
14371.0,295,1,100.5,1,Regular
14373.0,358,1,76.55,1,Regular
14375.0,185,1,235.56,1,Regular
14377.0,191,2,617.05,1,Regular
14379.0,44,2,348.1,0,High Value
14381.0,52,1,202.68,0,High Value
14382.0,26,1,615.49,0,High Value
14383.0,38,3,1247.69,0,High Value
14385.0,9,3,202.11,0,High Value
14386.0,297,1,142.4,1,Regular
14387.0,33,3,1727.6,0,High Value
14388.0,10,8,3212.84,0,High Value
14389.0,65,2,1043.46,0,High Value
14390.0,10,9,4642.57,0,High Value
14393.0,218,1,67.95,1,Regular
14395.0,2,9,3479.91,0,High Value
14396.0,65,2,487.99,0,High Value
14397.0,3,19,2612.96,3,At Risk
14400.0,149,1,574.7,1,Regular
14401.0,4,13,4051.48,0,High Value
14403.0,130,4,1475.81,0,High Value
14404.0,34,6,1449.32,0,High Value
14406.0,119,1,156.75,0,High Value
14407.0,107,6,2157.73,0,High Value
14408.0,11,7,2599.03,0,High Value
14409.0,71,6,2059.4500000000003,0,High Value
14410.0,92,9,1100.27,0,High Value
14411.0,311,1,1063.0,1,Regular
14412.0,43,2,770.03,0,High Value
14413.0,362,1,121.05,1,Regular
14414.0,92,7,1496.98,0,High Value
14415.0,1,13,5855.57,0,High Value
14416.0,22,2,490.22,0,High Value
14418.0,4,3,1937.25,0,High Value
14419.0,11,6,1051.79,0,High Value
14420.0,99,1,387.52,0,High Value
14421.0,57,2,813.11,0,High Value
14422.0,1,6,4263.64,0,High Value
14423.0,218,1,265.2,1,Regular
14424.0,18,1,322.08,0,High Value
14426.0,24,10,4481.67,0,High Value
14427.0,50,2,363.34000000000003,0,High Value
14428.0,7,5,1224.06,0,High Value
14431.0,303,1,470.36,1,Regular
14432.0,10,6,2248.5,0,High Value
14434.0,22,6,1372.8,0,High Value
14436.0,99,1,89.06,0,High Value
14437.0,366,1,63.0,1,Regular
14438.0,306,1,131.9,1,Regular
14439.0,320,1,2661.24,1,Regular
14440.0,8,5,2357.6800000000003,0,High Value
14441.0,1,4,1712.89,0,High Value
14442.0,205,2,1589.82,1,Regular
14443.0,54,4,1420.2,0,High Value
14446.0,1,4,1010.35,0,High Value
14447.0,19,5,1163.23,0,High Value
14448.0,9,2,375.35,0,High Value
14449.0,19,4,885.8,0,High Value
14450.0,181,3,483.25,1,Regular
14451.0,60,2,643.9,0,High Value
14452.0,11,2,259.05,0,High Value
14453.0,190,1,119.93,1,Regular
14456.0,5,9,3017.28,0,High Value
14457.0,311,1,113.64,1,Regular
14459.0,155,1,1837.92,1,Regular
14460.0,110,3,434.34,0,High Value
14461.0,148,3,2103.06,1,Regular
14462.0,66,11,1980.57,0,High Value
14463.0,98,3,529.62,0,High Value
14465.0,247,3,1038.44,1,Regular
14466.0,29,7,2272.4,0,High Value
14467.0,18,4,596.26,0,High Value
14470.0,12,2,461.19,0,High Value
14472.0,104,8,1852.67,0,High Value
14473.0,74,2,234.34000000000003,0,High Value
14474.0,46,1,547.66,0,High Value
14475.0,72,3,925.85,0,High Value
14476.0,257,1,193.0,1,Regular
14477.0,20,4,1309.6,0,High Value
14479.0,254,2,316.25,1,Regular
14480.0,11,1,279.05,0,High Value
14481.0,165,2,636.51,1,Regular
14482.0,18,6,2022.81,0,High Value
14483.0,282,1,137.1,1,Regular
14484.0,50,1,321.92,0,High Value
14485.0,39,1,162.8,0,High Value
14487.0,27,6,1165.48,0,High Value
14488.0,68,1,1064.28,0,High Value
14489.0,207,1,463.38,1,Regular
14491.0,175,2,340.93,1,Regular
14493.0,7,5,2383.2400000000002,0,High Value
14494.0,26,1,139.56,0,High Value
14495.0,51,2,123.8,0,High Value
14496.0,312,2,538.8100000000001,1,Regular
14497.0,309,1,475.37,1,Regular
14498.0,43,5,1957.32,0,High Value
14499.0,26,3,808.44,0,High Value
14500.0,88,3,356.85,0,High Value
14501.0,184,2,251.21,1,Regular
14502.0,20,11,2429.83,0,High Value
14503.0,3,6,3543.26,0,High Value
14504.0,47,4,673.26,0,High Value
14505.0,17,8,5859.43,0,High Value
14506.0,17,5,1960.65,0,High Value
14507.0,24,6,1367.88,0,High Value
14508.0,22,2,268.05,0,High Value
14511.0,11,5,1314.81,0,High Value
14512.0,188,2,275.28,1,Regular
14513.0,101,3,455.59000000000003,0,High Value
14514.0,61,3,990.2,0,High Value
14515.0,18,6,2076.89,0,High Value
14517.0,33,2,330.45,0,High Value
14518.0,64,1,174.37,0,High Value
14520.0,2,2,270.6,0,High Value
14522.0,24,4,974.54,0,High Value
14523.0,108,1,241.09,0,High Value
14524.0,32,9,1843.83,0,High Value
14525.0,20,9,4215.9,0,High Value
14527.0,3,55,8507.13,3,At Risk
14528.0,37,1,364.21999999999997,0,High Value
14529.0,60,3,578.61,0,High Value
14530.0,26,6,2862.11,0,High Value
14532.0,236,4,932.85,1,Regular
14533.0,25,7,1949.72,0,High Value
14534.0,3,18,4397.3,3,At Risk
14535.0,60,3,2854.84,0,High Value
14536.0,260,1,170.95,1,Regular
14537.0,58,1,355.56,0,High Value
14538.0,65,2,388.25,0,High Value
14539.0,16,2,537.48,0,High Value
14540.0,10,3,952.66,0,High Value
14541.0,59,8,1453.35,0,High Value
14542.0,186,1,103.25,1,Regular
14543.0,29,16,3599.73,3,At Risk
14544.0,24,2,2004.3,0,High Value
14546.0,5,5,2573.93,0,High Value
14547.0,4,8,3974.75,0,High Value
14548.0,151,2,652.8,1,Regular
14549.0,311,1,289.24,1,Regular
14550.0,11,2,757.37,0,High Value
14551.0,18,2,186.23,0,High Value
14552.0,152,1,164.22,1,Regular
14553.0,19,5,859.27,0,High Value
14554.0,10,4,2279.4900000000002,0,High Value
14555.0,57,2,312.54,0,High Value
14557.0,85,1,788.38,0,High Value
14560.0,7,22,2237.77,3,At Risk
14561.0,76,3,1080.76,0,High Value
14562.0,4,18,5006.77,3,At Risk
14565.0,96,4,3099.12,0,High Value
14566.0,111,1,1432.0,0,High Value
14567.0,57,2,1530.3600000000001,0,High Value
14569.0,1,1,227.39,0,High Value
14570.0,281,2,218.06,1,Regular
14572.0,3,7,2804.54,0,High Value
14573.0,180,9,1639.82,1,Regular
14576.0,372,1,35.400000000000006,1,Regular
14577.0,13,4,859.71,0,High Value
14578.0,3,1,168.63,0,High Value
14581.0,17,1,138.6,0,High Value
14582.0,41,1,114.11,0,High Value
14583.0,6,5,986.96,0,High Value
14584.0,169,4,1033.06,1,Regular
14585.0,50,1,157.05,0,High Value
14586.0,277,1,237.36,1,Regular
14587.0,19,9,1580.29,0,High Value
14589.0,372,1,39.75,1,Regular
14591.0,15,4,1320.21,0,High Value
14592.0,35,3,557.94,0,High Value
14593.0,22,3,617.15,0,High Value
14594.0,7,2,363.33,0,High Value
14595.0,20,6,1740.6,0,High Value
14597.0,11,2,866.24,0,High Value
14598.0,44,1,221.97,0,High Value
14600.0,306,1,393.33000000000004,1,Regular
14601.0,11,1,213.96,0,High Value
14603.0,275,1,660.0,1,Regular
14606.0,1,93,12076.15,3,At Risk
14607.0,16,14,16209.5,3,At Risk
14608.0,4,4,1785.15,0,High Value
14609.0,72,4,601.56,0,High Value
14616.0,243,3,406.08000000000004,1,Regular
14618.0,9,3,553.44,0,High Value
14619.0,246,1,394.44,1,Regular
14620.0,206,2,412.78000000000003,1,Regular
14621.0,1,5,1788.3600000000001,0,High Value
14622.0,185,1,320.58000000000004,1,Regular
14623.0,32,5,886.7,0,High Value
14624.0,57,2,225.85,0,High Value
14625.0,196,2,899.63,1,Regular
14626.0,24,4,2791.27,0,High Value
14628.0,91,2,671.96,0,High Value
14629.0,4,2,955.26,0,High Value
14631.0,51,3,1006.98,0,High Value
14632.0,263,1,114.56,1,Regular
14633.0,266,1,344.90000000000003,1,Regular
14636.0,36,2,609.85,0,High Value
14638.0,51,1,443.6,0,High Value
14639.0,52,6,2984.49,0,High Value
14640.0,24,6,2107.38,0,High Value
14641.0,22,1,110.46,0,High Value
14642.0,59,1,96.12,0,High Value
14643.0,170,2,693.8100000000001,1,Regular
14644.0,68,2,830.76,0,High Value
14645.0,157,2,597.09,1,Regular
14646.0,2,73,280206.02,2,Occasional
14647.0,201,1,236.04000000000002,1,Regular
14649.0,5,4,1402.59,0,High Value
14651.0,67,2,653.75,0,High Value
14652.0,77,1,114.18,0,High Value
14653.0,1,7,1926.65,0,High Value
14655.0,8,4,1932.23,0,High Value
14656.0,169,2,291.05,1,Regular
14657.0,18,4,848.22,0,High Value
14658.0,5,2,247.15,0,High Value
14659.0,9,9,2529.93,0,High Value
14660.0,87,2,285.74,0,High Value
14661.0,27,1,107.95,0,High Value
14662.0,29,4,741.37,0,High Value
14664.0,20,2,636.24,0,High Value
14665.0,61,5,1835.7,0,High Value
14666.0,24,1,195.25,0,High Value
14667.0,11,25,9175.04,3,At Risk
14669.0,242,3,1259.24,1,Regular
14670.0,280,2,392.86,1,Regular
14672.0,235,2,765.55,1,Regular
14673.0,3,5,1736.4,0,High Value
14675.0,16,1,596.36,0,High Value
14676.0,31,6,2548.2400000000002,0,High Value
14680.0,25,16,28754.11,3,At Risk
14681.0,71,3,498.95,0,High Value
14682.0,188,2,52.0,1,Regular
14684.0,26,5,1201.51,0,High Value
14687.0,107,1,628.38,0,High Value
14688.0,8,21,5579.1,3,At Risk
14689.0,209,1,112.8,1,Regular
14690.0,44,2,355.05,0,High Value
14691.0,31,5,2114.33,0,High Value
14692.0,137,4,591.55,0,High Value
14693.0,265,1,172.9,1,Regular
14696.0,4,7,2078.95,0,High Value
14697.0,218,2,188.60999999999999,1,Regular
14698.0,2,5,1217.27,0,High Value
14699.0,214,1,109.13000000000001,1,Regular
14700.0,32,3,2195.1,0,High Value
14701.0,11,9,2526.09,0,High Value
14702.0,1,17,3251.79,3,At Risk
14703.0,15,1,318.17,0,High Value
14704.0,11,9,1493.96,0,High Value
14705.0,199,1,179.0,1,Regular
14708.0,3,3,1126.37,0,High Value
14709.0,15,13,4921.04,0,High Value
14710.0,14,4,599.48,0,High Value
14711.0,10,11,2839.62,0,High Value
14712.0,29,3,917.07,0,High Value
14713.0,9,11,2662.2,0,High Value
14714.0,24,1,160.19,0,High Value
14715.0,25,4,867.38,0,High Value
14716.0,43,2,307.51,0,High Value
14719.0,2,5,1581.84,0,High Value
14720.0,6,3,663.81,0,High Value
14722.0,147,1,180.42000000000002,1,Regular
14723.0,10,6,1122.3600000000001,0,High Value
14725.0,25,1,655.58,0,High Value
14727.0,274,1,268.58,1,Regular
14729.0,374,1,313.49,1,Regular
14730.0,1,8,1897.57,0,High Value
14731.0,47,3,380.02,0,High Value
14732.0,8,8,2702.4900000000002,0,High Value
14733.0,16,12,9585.91,3,At Risk
14735.0,4,32,6065.69,3,At Risk
14737.0,4,3,1164.55,0,High Value
14738.0,43,7,1314.45,0,High Value
14739.0,4,7,3902.28,0,High Value
14740.0,197,3,1448.21,1,Regular
14741.0,12,6,1400.34,0,High Value
14744.0,16,7,1099.98,0,High Value
14745.0,113,5,1220.26,0,High Value
14747.0,249,1,328.2,1,Regular
14748.0,29,5,1415.75,0,High Value
14752.0,44,1,389.64,0,High Value
14753.0,87,1,563.15,0,High Value
14754.0,45,2,638.05,0,High Value
14755.0,10,11,5010.28,0,High Value
14756.0,15,1,738.96,0,High Value
14757.0,75,1,420.5,0,High Value
14758.0,145,4,1484.06,0,High Value
14759.0,5,3,1625.97,0,High Value
14760.0,297,1,89.2,1,Regular
14761.0,59,2,255.9,0,High Value
14762.0,264,1,300.52,1,Regular
14764.0,47,1,278.3,0,High Value
14765.0,29,3,254.11,0,High Value
14766.0,8,6,2473.37,0,High Value
14768.0,17,2,192.60000000000002,0,High Value
14769.0,3,8,10416.98,0,High Value
14770.0,232,2,876.42,1,Regular
14772.0,112,1,139.26,0,High Value
14775.0,58,3,1011.9,0,High Value
14776.0,51,11,2538.3,0,High Value
14778.0,127,2,730.86,0,High Value
14779.0,281,3,386.15,1,Regular
14780.0,55,2,447.68,0,High Value
14782.0,320,1,200.10000000000002,1,Regular
14784.0,26,2,289.99,0,High Value
14785.0,10,2,77.4,0,High Value
14788.0,7,2,679.4399999999999,0,High Value
14789.0,29,1,197.64,0,High Value
14790.0,17,4,745.06,0,High Value
14792.0,64,1,6.2,0,High Value
14793.0,21,1,228.99,0,High Value
14794.0,3,7,1319.91,0,High Value
14795.0,166,1,131.45000000000002,1,Regular
14796.0,1,17,7975.49,3,At Risk
14798.0,53,3,173.74,0,High Value
14799.0,51,1,157.7,0,High Value
14800.0,48,12,4331.79,0,High Value
14801.0,61,1,189.34,0,High Value
14803.0,162,3,845.55,1,Regular
14804.0,9,1,353.27,0,High Value
14805.0,15,4,546.4,0,High Value
14806.0,75,1,193.39000000000001,0,High Value
14808.0,40,8,2718.6,0,High Value
14810.0,41,11,2085.33,0,High Value
14813.0,370,2,152.88,1,Regular
14815.0,37,2,778.5,0,High Value
14816.0,197,1,271.85,1,Regular
14817.0,200,2,1110.34,1,Regular
14818.0,74,3,657.8,0,High Value
14819.0,64,2,272.07,0,High Value
14820.0,21,4,507.29,0,High Value
14821.0,367,1,48.800000000000004,1,Regular
14823.0,180,3,321.43,1,Regular
14824.0,10,4,1127.71,0,High Value
14825.0,4,12,2221.01,0,High Value
14828.0,197,3,2139.76,1,Regular
14829.0,29,4,697.55,0,High Value
14830.0,53,1,188.88,0,High Value
14834.0,18,6,1720.3,0,High Value
14836.0,10,3,102.44999999999999,0,High Value
14837.0,90,4,1649.5,0,High Value
14840.0,268,1,62.85,1,Regular
14841.0,53,6,3295.76,0,High Value
14842.0,44,4,2824.69,0,High Value
14844.0,64,4,3189.81,0,High Value
14847.0,149,1,309.4,1,Regular
14849.0,22,25,7930.54,3,At Risk
14850.0,312,1,325.75,1,Regular
14851.0,23,2,511.35,0,High Value
14852.0,58,6,2836.69,0,High Value
14853.0,24,2,475.8,0,High Value
14854.0,78,7,2740.03,0,High Value
14855.0,119,2,645.65,0,High Value
14856.0,36,3,1290.53,0,High Value
14857.0,60,2,1173.12,0,High Value
14859.0,13,4,1353.74,0,High Value
14860.0,19,1,170.32,0,High Value
14861.0,52,1,125.79,0,High Value
14862.0,26,2,841.1999999999999,0,High Value
14863.0,29,1,266.76,0,High Value
14865.0,7,2,52.2,0,High Value
14866.0,11,12,14389.9,3,At Risk
14867.0,186,3,710.28,1,Regular
14868.0,3,8,2953.59,0,High Value
14869.0,9,2,721.45,0,High Value
14870.0,262,1,327.25,1,Regular
14871.0,3,4,501.28000000000003,0,High Value
14873.0,210,1,519.68,1,Regular
14875.0,108,2,1465.3200000000002,0,High Value
14878.0,13,9,1476.09,0,High Value
14880.0,77,3,690.59,0,High Value
14881.0,20,1,255.4,0,High Value
14882.0,27,2,589.7,0,High Value
14883.0,19,6,761.59,0,High Value
14885.0,132,1,765.3199999999999,0,High Value
14886.0,253,1,364.8,1,Regular
14887.0,79,1,1862.0,0,High Value
14888.0,207,1,369.2,1,Regular
14889.0,336,1,135.9,1,Regular
14890.0,254,1,125.65,1,Regular
14891.0,148,2,554.38,1,Regular
14893.0,10,2,1237.8500000000001,0,High Value
14894.0,85,1,655.75,0,High Value
14895.0,8,20,11138.710000000001,3,At Risk
14896.0,205,2,468.77000000000004,1,Regular
14897.0,8,4,1366.38,0,High Value
14898.0,23,6,1269.31,0,High Value
14901.0,11,9,1421.29,0,High Value
14902.0,26,1,332.66,0,High Value
14903.0,21,5,2795.33,0,High Value
14904.0,2,2,1025.44,0,High Value
14905.0,158,2,616.15,1,Regular
14907.0,3,7,3501.1,0,High Value
14908.0,74,1,277.8,0,High Value
14910.0,3,4,434.35,0,High Value
14911.0,1,201,143711.17,2,Occasional
14912.0,17,2,867.85,0,High Value
14913.0,36,4,1227.43,0,High Value
14915.0,91,2,307.48,0,High Value
14916.0,71,4,1268.98,0,High Value
14918.0,116,2,1610.15,0,High Value
14920.0,213,2,977.77,1,Regular
14921.0,30,2,1316.07,0,High Value
14923.0,51,1,749.1,0,High Value
14924.0,246,1,310.05,1,Regular
14929.0,32,1,223.88,0,High Value
14930.0,109,3,2362.96,0,High Value
14931.0,5,5,1257.68,0,High Value
14932.0,366,1,363.53,1,Regular
14934.0,82,2,1890.94,0,High Value
14935.0,297,1,1784.71,1,Regular
14936.0,34,8,8137.02,0,High Value
14937.0,57,3,1621.88,0,High Value
14944.0,30,12,5900.25,0,High Value
14946.0,14,1,100.9,0,High Value
14947.0,72,2,290.82,0,High Value
14948.0,23,6,1101.97,0,High Value
14950.0,19,1,371.2,0,High Value
14951.0,79,1,311.69,0,High Value
14952.0,60,11,8099.49,0,High Value
14953.0,25,1,285.67,0,High Value
14954.0,12,1,294.85,0,High Value
14957.0,253,1,58.49,1,Regular
14958.0,147,3,483.72999999999996,1,Regular
14959.0,64,4,695.42,0,High Value
14960.0,8,2,221.27,0,High Value
14961.0,11,9,7044.68,0,High Value
14962.0,271,1,126.7,1,Regular
14963.0,10,5,1472.34,0,High Value
14964.0,247,1,206.21,1,Regular
14965.0,96,2,596.09,0,High Value
14966.0,15,1,183.02,0,High Value
14967.0,50,1,463.8,0,High Value
14968.0,30,1,147.59,0,High Value
14970.0,68,4,1592.06,0,High Value
14971.0,35,3,1097.98,0,High Value
14972.0,128,1,114.77,0,High Value
14973.0,107,3,1314.45,0,High Value
14974.0,37,1,89.94,0,High Value
14975.0,57,1,279.94,0,High Value
14976.0,57,7,790.86,0,High Value
14978.0,72,5,1921.3700000000001,0,High Value
14981.0,246,1,102.12,1,Regular
14984.0,19,2,202.37,0,High Value
14985.0,198,2,292.01,1,Regular
14987.0,16,2,326.4,0,High Value
14988.0,212,1,334.54,1,Regular
14995.0,39,2,231.98000000000002,0,High Value
14997.0,46,3,546.1999999999999,0,High Value
14998.0,170,2,414.87,1,Regular
15000.0,48,1,490.52,0,High Value
15002.0,116,4,1641.76,0,High Value
15004.0,147,1,1220.77,1,Regular
15005.0,16,28,6295.37,3,At Risk
15006.0,51,1,480.38,0,High Value
15007.0,159,1,156.91,1,Regular
15009.0,12,3,1259.43,0,High Value
15010.0,36,1,308.94,0,High Value
15012.0,54,2,405.04,0,High Value
15014.0,43,2,257.67,0,High Value
15016.0,173,1,170.04,1,Regular
15017.0,34,1,125.58,0,High Value
15018.0,39,3,496.21000000000004,0,High Value
15019.0,267,1,252.81,1,Regular
15021.0,9,9,1871.77,0,High Value
15022.0,12,4,852.39,0,High Value
15023.0,3,11,6720.41,0,High Value
15024.0,10,10,1636.43,0,High Value
15025.0,33,1,361.96,0,High Value
15026.0,80,3,469.0,0,High Value
15027.0,31,4,1066.1499999999999,0,High Value
15028.0,8,4,627.13,0,High Value
15030.0,72,2,518.28,0,High Value
15031.0,4,4,653.19,0,High Value
15032.0,256,3,4959.1,1,Regular
15033.0,5,10,2557.18,0,High Value
15034.0,16,8,4274.16,0,High Value
15035.0,90,1,252.73000000000002,0,High Value
15036.0,72,3,429.56,0,High Value
15038.0,59,6,685.74,0,High Value
15039.0,10,47,19766.59,3,At Risk
15041.0,170,1,179.93,1,Regular
15042.0,199,1,135.93,1,Regular
15043.0,31,1,537.0,0,High Value
15044.0,19,17,7634.7300000000005,3,At Risk
15045.0,152,2,735.66,1,Regular
15046.0,9,15,5090.42,3,At Risk
15047.0,270,1,343.62,1,Regular
15048.0,65,4,381.0,0,High Value
15049.0,274,1,121.17000000000002,1,Regular
15050.0,25,3,1737.69,0,High Value
15051.0,23,3,1383.3600000000001,0,High Value
15052.0,319,1,207.73000000000002,1,Regular
15053.0,5,3,693.95,0,High Value
15054.0,12,2,302.1,0,High Value
15057.0,275,2,1489.5,1,Regular
15058.0,25,11,2102.54,0,High Value
15059.0,41,9,1337.72,0,High Value
15060.0,8,4,294.25,0,High Value
15061.0,4,48,54534.14,3,At Risk
15062.0,71,4,987.86,0,High Value
15063.0,213,1,370.79999999999995,1,Regular
15065.0,38,4,3158.13,0,High Value
15066.0,53,1,893.59,0,High Value
15067.0,78,3,1744.76,0,High Value
15068.0,46,2,553.36,0,High Value
15069.0,179,1,1109.53,1,Regular
15070.0,373,1,106.2,1,Regular
15071.0,94,2,982.07,0,High Value
15073.0,10,3,1043.41,0,High Value
15074.0,105,1,735.67,0,High Value
15075.0,78,1,773.03,0,High Value
15076.0,173,1,880.85,1,Regular
15078.0,7,32,9743.11,3,At Risk
15079.0,213,4,895.61,1,Regular
15081.0,22,5,504.8,0,High Value
15083.0,257,1,88.2,1,Regular
15087.0,282,1,306.94,1,Regular
15088.0,21,2,1160.07,0,High Value
15089.0,10,6,2420.84,0,High Value
15090.0,308,1,381.32,1,Regular
15091.0,68,1,480.71,0,High Value
15092.0,215,2,457.81,1,Regular
15093.0,18,6,4597.02,0,High Value
15095.0,104,4,1370.6,0,High Value
15096.0,43,1,219.39000000000001,0,High Value
15097.0,4,1,248.08,0,High Value
15098.0,182,3,39916.5,3,At Risk
15099.0,84,1,410.48,0,High Value
15100.0,334,3,876.0,1,Regular
15101.0,9,2,317.53,0,High Value
15103.0,31,2,703.36,0,High Value
15104.0,197,2,993.54,1,Regular
15105.0,18,7,2298.93,0,High Value
15106.0,18,5,1422.52,0,High Value
15107.0,311,6,319.5,1,Regular
15108.0,142,4,1300.25,0,High Value
15109.0,246,1,484.95,1,Regular
15110.0,24,4,996.1,0,High Value
15111.0,29,3,1567.48,0,High Value
15113.0,10,3,3509.43,0,High Value
15114.0,30,10,2760.56,0,High Value
15115.0,18,1,340.11,0,High Value
15116.0,18,4,1352.75,0,High Value
15117.0,15,5,1551.78,0,High Value
15118.0,134,1,244.8,0,High Value
15119.0,246,1,266.4,1,Regular
15120.0,134,1,358.82,0,High Value
15121.0,50,2,457.72,0,High Value
15122.0,114,3,1633.78,0,High Value
15123.0,7,2,2199.31,0,High Value
15124.0,23,2,184.19,0,High Value
15125.0,25,15,11528.48,3,At Risk
15127.0,66,1,406.53,0,High Value
15128.0,60,4,1471.0,0,High Value
15129.0,50,11,3447.4,0,High Value
15130.0,170,1,330.11,1,Regular
15132.0,18,5,977.9300000000001,0,High Value
15133.0,128,3,982.42,0,High Value
15134.0,15,8,1387.99,0,High Value
15135.0,239,1,139.05,1,Regular
15136.0,3,4,1286.7,0,High Value
15139.0,240,2,178.96,1,Regular
15140.0,52,7,2354.25,0,High Value
15142.0,46,1,498.74,0,High Value
15143.0,226,1,259.45,1,Regular
15144.0,8,17,6580.44,3,At Risk
15145.0,4,4,1194.73,0,High Value
15146.0,165,2,1327.16,1,Regular
15147.0,240,1,623.5,1,Regular
15148.0,11,1,301.29,0,High Value
15149.0,134,1,520.8000000000001,0,High Value
15150.0,17,10,5291.33,0,High Value
15152.0,10,13,4745.69,0,High Value
15153.0,31,1,329.25,0,High Value
15154.0,75,1,254.28,0,High Value
15156.0,1,3,961.49,0,High Value
15157.0,4,3,1936.07,0,High Value
15158.0,45,1,401.40000000000003,0,High Value
15159.0,2,30,18641.010000000002,3,At Risk
15160.0,357,1,158.16,1,Regular
15163.0,18,2,304.47,0,High Value
15164.0,69,3,824.58,0,High Value
15165.0,373,1,487.75,1,Regular
15167.0,321,1,158.8,1,Regular
15168.0,26,1,106.56,0,High Value
15171.0,331,1,1289.5,1,Regular
15172.0,9,5,1624.05,0,High Value
15174.0,323,1,135.75,1,Regular
15175.0,72,1,224.14,0,High Value
15178.0,260,1,40.5,1,Regular
15179.0,18,5,2206.95,0,High Value
15180.0,367,1,87.5,1,Regular
15181.0,66,3,689.4799999999999,0,High Value
15182.0,154,2,622.85,1,Regular
15184.0,29,2,402.2,0,High Value
15185.0,70,1,310.62,0,High Value
15186.0,14,2,411.41,0,High Value
15187.0,2,16,4777.18,3,At Risk
15189.0,1,41,16225.39,3,At Risk
15192.0,120,3,1044.32,0,High Value
15193.0,61,1,499.32,0,High Value
15194.0,3,15,7616.53,3,At Risk
15195.0,3,1,3861.0,0,High Value
15197.0,11,3,1079.6100000000001,0,High Value
15198.0,92,2,193.64,0,High Value
15199.0,59,4,1268.7,0,High Value
15201.0,87,5,1236.54,0,High Value
15203.0,26,6,1827.8,0,High Value
15204.0,357,1,316.58,1,Regular
15205.0,85,2,653.24,0,High Value
15206.0,10,4,420.29999999999995,0,High Value
15208.0,1,5,870.12,0,High Value
15210.0,225,1,331.18,1,Regular
15211.0,60,2,894.4100000000001,0,High Value
15212.0,241,1,101.8,1,Regular
15213.0,319,2,328.35,1,Regular
15214.0,2,8,1661.44,0,High Value
15215.0,47,3,734.94,0,High Value
15216.0,88,1,96.6,0,High Value
15218.0,11,11,5756.89,0,High Value
15219.0,176,1,305.75,1,Regular
15220.0,52,6,1778.96,0,High Value
15221.0,366,1,403.25,1,Regular
15222.0,319,1,585.0,1,Regular
15223.0,226,2,755.75,1,Regular
15224.0,358,2,322.08,1,Regular
15225.0,234,1,409.40000000000003,1,Regular
15226.0,311,1,154.41,1,Regular
15227.0,37,5,1219.4,0,High Value
15228.0,66,4,3386.71,0,High Value
15230.0,239,2,429.6,1,Regular
15232.0,113,2,612.06,0,High Value
15234.0,277,1,197.0,1,Regular
15235.0,218,12,2247.51,1,Regular
15236.0,299,1,321.05,1,Regular
15237.0,2,4,1412.32,0,High Value
15238.0,29,3,1071.99,0,High Value
15239.0,10,2,780.59,0,High Value
15240.0,45,5,1706.57,0,High Value
15241.0,67,8,1756.44,0,High Value
15243.0,74,1,316.68,0,High Value
15244.0,65,2,631.57,0,High Value
15245.0,134,3,2515.84,0,High Value
15246.0,238,2,514.15,1,Regular
15247.0,122,1,356.0,0,High Value
15249.0,32,13,6688.46,0,High Value
15251.0,9,11,10484.99,0,High Value
15252.0,36,2,740.78,0,High Value
15253.0,16,5,918.1999999999999,0,High Value
15254.0,127,1,300.36,0,High Value
15255.0,67,1,890.85,0,High Value
15256.0,149,1,98.45,1,Regular
15257.0,283,1,317.15,1,Regular
15258.0,169,2,623.16,1,Regular
15260.0,100,7,1810.77,0,High Value
15261.0,135,1,254.82,0,High Value
15262.0,324,1,178.95000000000002,1,Regular
15263.0,107,1,156.51,0,High Value
15264.0,64,1,393.74,0,High Value
15265.0,151,2,1506.1200000000001,1,Regular
15266.0,338,1,119.3,1,Regular
15267.0,22,5,1717.36,0,High Value
15269.0,24,1,408.8,0,High Value
15270.0,16,7,2379.49,0,High Value
15271.0,7,15,2493.34,3,At Risk
15272.0,57,2,721.94,0,High Value
15274.0,4,2,716.57,0,High Value
15275.0,38,1,615.14,0,High Value
15276.0,66,1,128.63,0,High Value
15277.0,47,1,255.89999999999998,0,High Value
15279.0,355,1,290.51,1,Regular
15280.0,172,1,113.12,1,Regular
15281.0,59,9,2332.15,0,High Value
15286.0,50,1,240.55,0,High Value
15287.0,22,2,486.69,0,High Value
15288.0,43,5,2306.52,0,High Value
15289.0,29,3,939.78,0,High Value
15290.0,5,18,7943.22,3,At Risk
15291.0,26,15,4668.3,3,At Risk
15292.0,201,1,178.39,1,Regular
15296.0,51,6,3672.86,0,High Value
15297.0,10,3,641.94,0,High Value
15298.0,2,12,4799.9,0,High Value
15299.0,67,7,4507.01,0,High Value
15300.0,64,1,496.44,0,High Value
15301.0,51,12,5049.95,0,High Value
15303.0,290,1,574.02,1,Regular
15304.0,61,8,694.4000000000001,0,High Value
15306.0,64,3,1174.35,0,High Value
15307.0,96,1,205.3,0,High Value
15308.0,274,1,310.47,1,Regular
15311.0,1,91,60632.75,2,Occasional
15312.0,75,4,924.85,0,High Value
15313.0,110,1,52.0,0,High Value
15314.0,199,1,327.97,1,Regular
15315.0,64,2,570.5,0,High Value
15316.0,327,1,165.0,1,Regular
15318.0,4,1,312.62,0,High Value
15319.0,284,1,204.5,1,Regular
15320.0,44,1,267.13,0,High Value
15321.0,71,3,2748.31,0,High Value
15322.0,86,1,679.68,0,High Value
15325.0,104,1,161.74,0,High Value
15326.0,334,1,311.71,1,Regular
15327.0,53,1,208.75,0,High Value
15329.0,39,3,1049.7,0,High Value
15330.0,32,2,714.96,0,High Value
15332.0,366,4,1661.06,1,Regular
15333.0,208,1,1028.56,1,Regular
15334.0,157,3,350.82,1,Regular
15335.0,54,1,170.22,0,High Value
15339.0,66,2,574.07,0,High Value
15341.0,81,1,2020.52,0,High Value
15342.0,130,1,406.09,0,High Value
15343.0,87,1,364.5,0,High Value
15344.0,1,3,563.94,0,High Value
15345.0,46,1,393.54,0,High Value
15346.0,333,1,252.42000000000002,1,Regular
15347.0,366,1,201.60000000000002,1,Regular
15348.0,72,1,158.04,0,High Value
15349.0,158,2,463.90999999999997,1,Regular
15350.0,373,1,115.65,1,Regular
15351.0,12,7,1934.66,0,High Value
15353.0,255,2,770.12,1,Regular
15355.0,29,2,277.05,0,High Value
15356.0,31,10,2718.03,0,High Value
15358.0,5,22,8347.2,3,At Risk
15360.0,40,1,427.93,0,High Value
15361.0,362,1,418.92,1,Regular
15363.0,373,1,326.0,1,Regular
15364.0,96,2,913.19,0,High Value
15365.0,26,7,2314.32,0,High Value
15366.0,75,2,602.51,0,High Value
15367.0,57,4,1877.59,0,High Value
15368.0,21,1,446.94000000000005,0,High Value
15370.0,41,7,2386.05,0,High Value
15372.0,137,1,2007.3999999999999,0,High Value
15373.0,8,12,2415.91,0,High Value
15374.0,129,1,168.0,0,High Value
15376.0,40,3,1221.56,0,High Value
15379.0,169,7,3703.29,1,Regular
15380.0,9,5,1690.2600000000002,0,High Value
15381.0,214,2,596.85,1,Regular
15382.0,15,6,5955.71,0,High Value
15384.0,170,2,642.41,1,Regular
15385.0,40,1,316.88,0,High Value
15386.0,186,1,394.14,1,Regular
15388.0,270,1,140.54,1,Regular
15389.0,172,1,500.0,1,Regular
15392.0,5,4,1535.53,0,High Value
15393.0,16,2,231.86,0,High Value
15394.0,10,4,2183.54,0,High Value
15395.0,326,1,107.45,1,Regular
15396.0,113,1,288.18,0,High Value
15397.0,290,1,94.0,1,Regular
15398.0,16,2,1345.53,0,High Value
15399.0,1,3,815.77,0,High Value
15400.0,92,5,716.2,0,High Value
15402.0,149,2,626.77,1,Regular
15405.0,189,1,349.1,1,Regular
15406.0,31,2,510.71000000000004,0,High Value
15407.0,34,4,1046.74,0,High Value
15408.0,264,1,267.18,1,Regular
15410.0,84,8,3450.84,0,High Value
15411.0,26,4,1348.93,0,High Value
15412.0,171,1,190.53,1,Regular
15414.0,10,3,774.9000000000001,0,High Value
15415.0,313,1,559.61,1,Regular
15416.0,65,4,3984.32,0,High Value
15417.0,85,1,508.8,0,High Value
15419.0,25,1,135.86,0,High Value
15421.0,59,4,950.36,0,High Value
15422.0,323,2,97.7,1,Regular
15423.0,38,1,43.5,0,High Value
15424.0,254,2,383.34,1,Regular
15426.0,19,5,1404.07,0,High Value
15427.0,33,3,1430.54,0,High Value
15428.0,15,1,93.78,0,High Value
15429.0,27,2,397.35,0,High Value
15432.0,23,1,171.19,0,High Value
15433.0,214,2,533.3,1,Regular
15434.0,8,5,1041.48,0,High Value
15435.0,22,1,149.29,0,High Value
15436.0,12,3,1067.75,0,High Value
15437.0,262,1,200.16,1,Regular
15438.0,131,1,156.57999999999998,0,High Value
15440.0,55,3,383.68,0,High Value
15442.0,249,1,594.0,1,Regular
15443.0,2,7,3213.59,0,High Value
15444.0,9,2,1411.21,0,High Value
15445.0,264,1,113.5,1,Regular
15447.0,331,1,155.17,1,Regular
15448.0,313,1,494.64,1,Regular
15449.0,26,3,974.52,0,High Value
15450.0,30,1,429.84,0,High Value
15452.0,30,3,528.48,0,High Value
15453.0,2,7,1371.77,0,High Value
15454.0,362,1,179.1,1,Regular
15456.0,283,3,434.59000000000003,1,Regular
15457.0,262,1,237.07,1,Regular
15458.0,25,1,161.64,0,High Value
15460.0,354,1,214.26,1,Regular
15462.0,94,3,234.6,0,High Value
15463.0,29,1,126.14,0,High Value
15464.0,338,1,1044.65,1,Regular
15465.0,20,18,7354.62,3,At Risk
15466.0,85,1,334.53,0,High Value
15467.0,9,3,524.88,0,High Value
15468.0,51,2,467.51,0,High Value
15469.0,50,2,538.55,0,High Value
15471.0,2,1,454.48,0,High Value
15472.0,113,1,371.56,0,High Value
15473.0,14,7,1771.2,0,High Value
15475.0,77,1,454.10999999999996,0,High Value
15478.0,40,2,1399.92,0,High Value
15480.0,116,1,905.5,0,High Value
15482.0,16,12,10879.76,3,At Risk
15483.0,161,4,225.26,1,Regular
15484.0,1,4,3590.41,0,High Value
15485.0,30,3,2564.5,0,High Value
15488.0,93,1,91.32000000000001,0,High Value
15489.0,23,3,1134.28,0,High Value
15491.0,95,6,3100.09,0,High Value
15492.0,28,2,659.4599999999999,0,High Value
15493.0,33,5,1953.41,0,High Value
15494.0,21,2,1280.58,0,High Value
15497.0,18,2,1262.2,0,High Value
15498.0,3,27,13316.4,3,At Risk
15500.0,8,4,1131.56,0,High Value
15502.0,16,12,10384.93,3,At Risk
15503.0,363,1,141.04,1,Regular
15504.0,81,1,52.83,0,High Value
15505.0,53,5,3610.96,0,High Value
15506.0,23,3,972.08,0,High Value
15507.0,172,1,475.86,1,Regular
15508.0,189,6,1000.27,1,Regular
15510.0,331,1,250.0,1,Regular
15511.0,12,5,900.53,0,High Value
15512.0,156,2,121.0,1,Regular
15513.0,33,19,14758.220000000001,3,At Risk
15514.0,12,11,4023.7200000000003,0,High Value
15516.0,45,3,62.43,0,High Value
15517.0,233,1,267.03,1,Regular
15518.0,64,8,1921.55,0,High Value
15520.0,2,1,343.5,0,High Value
15521.0,40,8,3000.2,0,High Value
15522.0,33,2,397.99,0,High Value
15523.0,84,1,412.01000000000005,0,High Value
15524.0,25,1,440.0,0,High Value
15525.0,2,3,734.37,0,High Value
15526.0,33,2,148.44,0,High Value
15527.0,19,8,2428.53,0,High Value
15528.0,254,1,229.33,1,Regular
15529.0,23,11,3962.6,0,High Value
15530.0,22,4,1497.31,0,High Value
15531.0,8,2,1972.39,0,High Value
15532.0,25,4,1564.73,0,High Value
15533.0,19,3,807.57,0,High Value
15535.0,173,4,502.9,1,Regular
15537.0,163,1,110.92,1,Regular
15539.0,7,1,538.46,0,High Value
15540.0,11,1,213.3,0,High Value
15541.0,114,1,85.13000000000001,0,High Value
15543.0,288,1,127.86,1,Regular
15544.0,9,9,3546.71,0,High Value
15545.0,54,2,288.96999999999997,0,High Value
15547.0,7,14,4910.6,3,At Risk
15549.0,77,3,1681.46,0,High Value
15550.0,4,4,575.63,0,High Value
15551.0,37,1,436.06,0,High Value
15552.0,217,1,90.12,1,Regular
15553.0,60,1,428.93,0,High Value
15554.0,278,1,217.2,1,Regular
15555.0,12,16,4794.86,3,At Risk
15556.0,24,1,279.77,0,High Value
15557.0,29,1,468.91,0,High Value
15561.0,12,4,800.59,0,High Value
15562.0,352,1,134.55,1,Regular
15563.0,22,4,1400.44,0,High Value
15565.0,50,2,173.16,0,High Value
15567.0,19,1,186.01,0,High Value
15568.0,3,3,758.29,0,High Value
15569.0,104,5,1375.71,0,High Value
15570.0,7,12,4148.82,0,High Value
15571.0,12,4,650.4300000000001,0,High Value
15572.0,5,7,2533.42,0,High Value
15573.0,32,2,591.1899999999999,0,High Value
15574.0,178,4,675.64,1,Regular
15576.0,38,1,921.37,0,High Value
15577.0,151,3,258.88,1,Regular
15578.0,162,1,127.1,1,Regular
15579.0,69,2,327.6,0,High Value
15581.0,121,13,3675.77,0,High Value
15582.0,25,3,682.9100000000001,0,High Value
15584.0,24,4,720.86,0,High Value
15585.0,177,1,455.3,1,Regular
15587.0,50,4,913.6800000000001,0,High Value
15589.0,256,3,478.53000000000003,1,Regular
15592.0,47,1,388.58,0,High Value
15593.0,71,1,199.8,0,High Value
15594.0,16,5,1771.78,0,High Value
15596.0,101,5,1406.59,0,High Value
15597.0,35,1,324.57,0,High Value
15598.0,53,1,240.68,0,High Value
15599.0,27,2,761.74,0,High Value
15601.0,11,14,6776.56,3,At Risk
15602.0,8,9,1297.8700000000001,0,High Value
15603.0,79,1,48.480000000000004,0,High Value
15604.0,52,1,216.39,0,High Value
15605.0,36,5,1198.23,0,High Value
15606.0,61,9,2920.16,0,High Value
15607.0,337,1,104.76,1,Regular
15608.0,28,4,1093.68,0,High Value
15609.0,184,1,298.48,1,Regular
15610.0,52,1,112.46000000000001,0,High Value
15611.0,10,13,1591.45,0,High Value
15612.0,36,2,195.15,0,High Value
15615.0,10,23,10399.74,3,At Risk
15618.0,33,4,776.851,0,High Value
15619.0,11,1,336.40000000000003,0,High Value
15620.0,57,3,1553.18,0,High Value
15621.0,4,4,1293.03,0,High Value
15622.0,43,9,3709.56,0,High Value
15623.0,141,1,301.03,0,High Value
15624.0,117,4,588.13,0,High Value
15625.0,104,4,1534.26,0,High Value
15626.0,75,2,675.8,0,High Value
15628.0,5,9,2870.2400000000002,0,High Value
15630.0,45,2,1186.35,0,High Value
15632.0,16,8,3285.31,0,High Value
15634.0,17,1,243.55,0,High Value
15636.0,90,2,724.76,0,High Value
15637.0,53,1,223.36,0,High Value
15639.0,134,1,425.32,0,High Value
15640.0,4,15,12416.11,3,At Risk
15641.0,105,4,1887.2,0,High Value
15643.0,192,3,664.0,1,Regular
15644.0,166,4,803.54,1,Regular
15645.0,19,1,612.01,0,High Value
15646.0,158,3,447.64000000000004,1,Regular
15648.0,204,2,639.5,1,Regular
15649.0,336,2,816.0,1,Regular
15651.0,37,3,646.3,0,High Value
15652.0,91,1,337.74,0,High Value
15653.0,93,2,877.4399999999999,0,High Value
15654.0,9,2,922.53,0,High Value
15655.0,243,1,560.67,1,Regular
15656.0,45,4,748.5,0,High Value
15657.0,23,1,30.0,0,High Value
15658.0,190,5,1024.1000000000001,1,Regular
15659.0,44,1,306.45,0,High Value
15660.0,25,9,1600.86,0,High Value
15661.0,317,2,309.8,1,Regular
15663.0,106,1,138.14,0,High Value
15664.0,51,1,386.43,0,High Value
15665.0,168,2,2222.21,1,Regular
15667.0,40,1,301.32,0,High Value
15668.0,218,1,76.32000000000001,1,Regular
15669.0,40,4,684.34,0,High Value
15670.0,297,1,173.05,1,Regular
15671.0,19,7,2657.13,0,High Value
15673.0,88,4,2726.23,0,High Value
15674.0,73,5,2446.6,0,High Value
15675.0,81,3,323.69,0,High Value
15676.0,19,3,3435.76,0,High Value
15677.0,49,1,657.23,0,High Value
15678.0,53,1,352.7,0,High Value
15679.0,24,4,781.28,0,High Value
15680.0,9,3,1333.68,0,High Value
15681.0,25,5,1426.16,0,High Value
15683.0,117,1,193.75,0,High Value
15687.0,9,9,2993.1,0,High Value
15689.0,120,2,254.1,0,High Value
15690.0,4,2,239.76,0,High Value
15691.0,252,1,136.8,1,Regular
15692.0,28,1,191.04,0,High Value
15694.0,1,14,6479.4,3,At Risk
15695.0,267,2,409.98,1,Regular
15696.0,33,8,2711.11,0,High Value
15699.0,18,1,309.65,0,High Value
15700.0,172,2,696.68,1,Regular
15701.0,2,4,1529.0,0,High Value
15703.0,265,1,211.5,1,Regular
15704.0,140,4,2293.62,0,High Value
15705.0,201,1,143.1,1,Regular
15706.0,64,4,1060.56,0,High Value
15707.0,35,4,916.98,0,High Value
15708.0,41,7,3235.25,0,High Value
15709.0,284,1,133.25,1,Regular
15712.0,9,5,1072.3600000000001,0,High Value
15713.0,143,2,356.7,0,High Value
15714.0,12,2,330.03000000000003,0,High Value
15716.0,146,4,1101.1100000000001,0,High Value
15717.0,234,1,150.3,1,Regular
15719.0,33,13,5030.07,0,High Value
15720.0,24,1,598.73,0,High Value
15721.0,12,1,471.40000000000003,0,High Value
15722.0,36,5,2211.21,0,High Value
15723.0,365,1,190.7,1,Regular
15724.0,201,2,218.25,1,Regular
15725.0,15,1,415.25,0,High Value
15727.0,17,7,5159.06,0,High Value
15729.0,213,1,85.0,1,Regular
15730.0,66,3,1120.88,0,High Value
15732.0,212,2,294.12,1,Regular
15733.0,283,1,162.3,1,Regular
15734.0,115,2,1339.45,0,High Value
15737.0,15,8,1188.1200000000001,0,High Value
15738.0,19,16,4812.42,3,At Risk
15739.0,66,1,449.12,0,High Value
15740.0,49,1,154.88,0,High Value
15743.0,16,4,775.96,0,High Value
15744.0,78,1,34.8,0,High Value
15745.0,19,4,1094.59,0,High Value
15746.0,134,1,196.88,0,High Value
15747.0,13,3,946.64,0,High Value
15748.0,40,1,144.36,0,High Value
15749.0,235,3,44534.3,3,At Risk
15750.0,3,8,2463.05,0,High Value
15752.0,40,7,2626.6,0,High Value
15753.0,305,1,79.2,1,Regular
15754.0,51,3,458.57,0,High Value
15755.0,10,6,2364.25,0,High Value
15756.0,61,4,528.01,0,High Value
15757.0,66,2,714.42,0,High Value
15758.0,25,1,205.25,0,High Value
15759.0,218,3,253.04,1,Regular
15762.0,65,2,583.75,0,High Value
15763.0,32,2,1086.92,0,High Value
15764.0,88,6,3279.97,0,High Value
15766.0,64,1,315.06,0,High Value
15768.0,116,3,621.8299999999999,0,High Value
15769.0,7,26,56252.72,3,At Risk
15773.0,6,1,635.6800000000001,0,High Value
15774.0,69,1,270.8,0,High Value
15775.0,245,1,104.9,1,Regular
15776.0,133,1,241.62,0,High Value
15777.0,241,4,1047.11,1,Regular
15780.0,184,3,475.28000000000003,1,Regular
15781.0,25,3,345.46,0,High Value
15782.0,10,3,2614.7400000000002,0,High Value
15783.0,11,1,246.3,0,High Value
15785.0,33,5,2328.9700000000003,0,High Value
15786.0,46,3,4919.0,0,High Value
15787.0,26,3,933.26,0,High Value
15789.0,358,1,351.3,1,Regular
15790.0,10,1,218.75,0,High Value
15791.0,44,2,1612.69,0,High Value
15793.0,15,3,965.61,0,High Value
15795.0,150,1,610.01,1,Regular
15796.0,1,8,2708.61,0,High Value
15797.0,113,4,2207.4,0,High Value
15799.0,76,3,884.14,0,High Value
15800.0,107,2,696.89,0,High Value
15801.0,46,3,1063.95,0,High Value
15802.0,143,1,451.42,1,Regular
15803.0,51,1,415.82000000000005,0,High Value
15804.0,1,13,4206.39,0,High Value
15805.0,23,17,5488.18,3,At Risk
15806.0,46,3,784.58,0,High Value
15807.0,50,3,903.9,0,High Value
15808.0,306,4,3651.27,1,Regular
15809.0,36,5,515.77,0,High Value
15810.0,79,4,1391.98,0,High Value
15811.0,22,6,2218.62,0,High Value
15812.0,107,5,1801.14,0,High Value
15813.0,208,2,1303.9099999999999,1,Regular
15814.0,17,4,1945.33,0,High Value
15815.0,64,5,2100.6,0,High Value
15819.0,49,4,1905.45,0,High Value
15820.0,320,1,206.98,1,Regular
15821.0,44,2,570.96,0,High Value
15822.0,3,2,885.47,0,High Value
15823.0,372,1,15.0,1,Regular
15825.0,172,1,532.94,1,Regular
15826.0,56,3,1654.31,0,High Value
15827.0,73,14,1836.0900000000001,0,High Value
15829.0,99,2,636.14,0,High Value
15830.0,38,1,576.0,0,High Value
15831.0,58,3,794.64,0,High Value
15832.0,254,1,836.79,1,Regular
15834.0,70,4,2225.15,0,High Value
15835.0,44,4,954.09,0,High Value
15836.0,50,1,137.37,0,High Value
15837.0,65,1,391.98,0,High Value
15838.0,11,19,33643.08,3,At Risk
15839.0,33,3,1048.49,0,High Value
15840.0,59,2,355.56,0,High Value
15841.0,73,4,1224.06,0,High Value
15843.0,304,1,118.95000000000002,1,Regular
15844.0,46,1,130.73999999999998,0,High Value
15845.0,18,8,3711.77,0,High Value
15847.0,38,2,389.27,0,High Value
15850.0,19,2,234.88,0,High Value
15852.0,187,2,160.71,1,Regular
15853.0,52,1,110.8,0,High Value
15854.0,4,12,2969.12,0,High Value
15855.0,137,5,712.24,0,High Value
15856.0,4,27,16143.64,3,At Risk
15857.0,19,1,297.0,0,High Value
15858.0,16,5,1427.57,0,High Value
15860.0,41,8,965.16,0,High Value
15861.0,12,8,3146.92,0,High Value
15862.0,8,4,832.88,0,High Value
15863.0,26,2,68.84,0,High Value
15864.0,22,6,1936.3200000000002,0,High Value
15865.0,41,3,895.13,0,High Value
15866.0,101,1,211.89,0,High Value
15867.0,5,15,3810.14,3,At Risk
15869.0,277,2,149.64,1,Regular
15870.0,33,1,351.44,0,High Value
15872.0,15,2,316.25,0,High Value
15874.0,64,7,4405.88,0,High Value
15877.0,2,2,490.33,0,High Value
15880.0,369,1,329.03000000000003,1,Regular
15881.0,312,5,501.39000000000004,1,Regular
15882.0,199,4,516.36,1,Regular
15883.0,2,2,396.48,0,High Value
15885.0,93,3,379.35,0,High Value
15886.0,60,1,181.09,0,High Value
15888.0,81,1,168.31,0,High Value
15889.0,157,2,420.07,1,Regular
15891.0,227,1,511.68,1,Regular
15894.0,253,2,258.25,1,Regular
15895.0,150,1,179.17,1,Regular
15897.0,194,2,208.59,1,Regular
15898.0,1,5,1383.83,0,High Value
15899.0,369,1,56.25,1,Regular
15900.0,24,1,337.28,0,High Value
15901.0,17,3,351.73,0,High Value
15903.0,10,7,5126.76,0,High Value
15904.0,8,1,164.68,0,High Value
15906.0,20,7,1567.69,0,High Value
15907.0,4,3,882.72,0,High Value
15909.0,174,1,191.94,1,Regular
15910.0,1,8,1228.88,0,High Value
15912.0,178,2,264.62,1,Regular
15916.0,16,8,1502.8600000000001,0,High Value
15917.0,248,1,123.1,1,Regular
15918.0,191,2,334.23,1,Regular
15919.0,20,2,525.69,0,High Value
15920.0,154,4,167.5,1,Regular
15921.0,173,1,323.03000000000003,1,Regular
15922.0,373,1,369.5,1,Regular
15923.0,373,1,127.08,1,Regular
15925.0,194,1,207.15,1,Regular
15930.0,67,1,426.63,0,High Value
15932.0,4,8,2495.87,0,High Value
15933.0,21,3,1107.46,0,High Value
15935.0,239,2,416.86,1,Regular
15937.0,64,1,145.35,0,High Value
15938.0,112,5,404.58,0,High Value
15939.0,90,15,6115.01,3,At Risk
15940.0,311,1,35.8,1,Regular
15942.0,134,1,337.44,0,High Value
15944.0,277,1,325.1,1,Regular
15945.0,365,1,181.0,1,Regular
15947.0,83,1,1708.24,0,High Value
15948.0,8,2,955.24,0,High Value
15949.0,17,2,364.72,0,High Value
15950.0,32,4,1744.71,0,High Value
15951.0,9,2,708.22,0,High Value
15952.0,34,4,781.91,0,High Value
15953.0,15,8,1657.28,0,High Value
15955.0,24,14,4416.26,0,High Value
15957.0,32,1,428.89,0,High Value
15958.0,74,1,104.35,0,High Value
15963.0,20,2,470.76,0,High Value
15965.0,17,4,808.87,0,High Value
15967.0,23,2,397.68,0,High Value
15969.0,3,3,666.1,0,High Value
15970.0,304,1,314.1,1,Regular
15971.0,18,12,4199.85,0,High Value
15973.0,367,1,307.82000000000005,1,Regular
15974.0,39,7,3442.15,0,High Value
15975.0,84,1,371.01,0,High Value
15976.0,165,2,427.64,1,Regular
15977.0,17,2,1054.73,0,High Value
15978.0,77,1,1098.78,0,High Value
15980.0,89,3,2398.86,0,High Value
15981.0,25,8,3408.48,0,High Value
15983.0,22,4,1465.12,0,High Value
15984.0,3,10,2780.63,0,High Value
15985.0,123,2,1142.42,0,High Value
15986.0,30,1,168.12,0,High Value
15987.0,12,7,1432.77,0,High Value
15988.0,19,1,156.78,0,High Value
15990.0,44,2,792.11,0,High Value
15992.0,4,1,41.989999999999995,0,High Value
15993.0,9,7,2777.67,0,High Value
15994.0,55,1,414.27,0,High Value
15996.0,88,6,1032.58,0,High Value
15998.0,37,5,3080.22,0,High Value
16000.0,3,3,12393.7,0,High Value
16003.0,30,5,2735.37,0,High Value
16005.0,12,4,578.71,0,High Value
16006.0,211,1,101.4,1,Regular
16007.0,48,4,1693.81,0,High Value
16008.0,24,3,478.78,0,High Value
16009.0,22,4,972.11,0,High Value
16010.0,246,3,392.4,1,Regular
16011.0,8,16,3352.96,3,At Risk
16012.0,35,3,1415.29,0,High Value
16013.0,4,47,37130.6,3,At Risk
16014.0,38,3,646.83,0,High Value
16015.0,4,3,704.55,0,High Value
16016.0,3,8,1465.51,0,High Value
16017.0,47,1,211.88,0,High Value
16018.0,39,2,408.90000000000003,0,High Value
16019.0,47,9,3786.2400000000002,0,High Value
16020.0,17,3,851.01,0,High Value
16022.0,260,1,602.63,1,Regular
16023.0,46,3,719.81,0,High Value
16024.0,12,1,251.03,0,High Value
16025.0,30,1,439.65999999999997,0,High Value
16026.0,43,1,236.09,0,High Value
16027.0,92,6,934.62,0,High Value
16029.0,39,63,80850.84,2,Occasional
16030.0,310,1,331.24,1,Regular
16031.0,92,2,547.9,0,High Value
16033.0,6,20,8778.82,3,At Risk
16034.0,196,3,437.7,1,Regular
16036.0,87,2,758.92,0,High Value
16037.0,270,3,855.02,1,Regular
16038.0,8,3,471.78000000000003,0,High Value
16040.0,65,3,1313.55,0,High Value
16041.0,31,3,3166.4,0,High Value
16042.0,22,5,1177.47,0,High Value
16043.0,38,4,773.99,0,High Value
16045.0,120,4,1340.7,0,High Value
16048.0,373,2,256.44,1,Regular
16049.0,40,3,1074.81,0,High Value
16050.0,174,1,137.9,1,Regular
16052.0,54,1,362.06,0,High Value
16053.0,33,2,1511.95,0,High Value
16054.0,145,1,783.9,1,Regular
16055.0,221,1,134.8,1,Regular
16056.0,45,1,650.75,0,High Value
16057.0,16,7,2263.12,0,High Value
16059.0,66,6,1453.16,0,High Value
16062.0,10,4,1153.62,0,High Value
16063.0,260,1,335.32,1,Regular
16065.0,365,1,367.14,1,Regular
16066.0,17,5,1521.04,0,High Value
16070.0,22,2,852.15,0,High Value
16071.0,45,1,326.24,0,High Value
16072.0,288,1,584.3199999999999,1,Regular
16073.0,297,1,122.39999999999999,1,Regular
16076.0,3,10,2234.73,0,High Value
16078.0,284,1,79.2,1,Regular
16079.0,17,3,1352.0,0,High Value
16080.0,82,2,217.16,0,High Value
16081.0,56,5,2799.42,0,High Value
16083.0,101,2,1317.62,0,High Value
16084.0,299,1,436.18,1,Regular
16085.0,23,5,981.51,0,High Value
16086.0,59,5,1121.39,0,High Value
16091.0,155,2,315.06,1,Regular
16092.0,115,3,817.86,0,High Value
16093.0,107,1,17.0,0,High Value
16094.0,12,4,1078.23,0,High Value
16096.0,264,1,320.62,1,Regular
16097.0,240,1,185.04999999999998,1,Regular
16098.0,88,7,2005.63,0,High Value
16099.0,50,3,731.9,0,High Value
16101.0,71,1,1290.7,0,High Value
16102.0,42,3,1842.14,0,High Value
16103.0,7,6,1429.64,0,High Value
16104.0,62,1,298.21,0,High Value
16105.0,249,1,336.96,1,Regular
16106.0,66,1,108.38,0,High Value
16107.0,18,7,3204.1600000000003,0,High Value
16108.0,85,1,842.5,0,High Value
16109.0,219,2,611.88,1,Regular
16110.0,45,3,1320.95,0,High Value
16112.0,143,4,195.73999999999998,0,High Value
16113.0,183,1,161.38,1,Regular
16114.0,171,1,135.75000000000003,1,Regular
16115.0,10,8,1660.8799999999999,0,High Value
16116.0,212,1,612.78,1,Regular
16117.0,190,1,232.21,1,Regular
16119.0,8,2,423.36,0,High Value
16120.0,59,4,1309.14,0,High Value
16121.0,57,2,854.66,0,High Value
16122.0,73,4,684.4200000000001,0,High Value
16123.0,52,1,307.78,0,High Value
16124.0,317,1,249.0,1,Regular
16125.0,367,1,289.35,1,Regular
16126.0,29,4,6287.77,0,High Value
16127.0,39,1,656.25,0,High Value
16128.0,18,5,1880.22,0,High Value
16131.0,52,6,3506.54,0,High Value
16133.0,4,33,14589.04,3,At Risk
16134.0,22,2,618.09,0,High Value
16135.0,263,1,517.55,1,Regular
16136.0,60,3,709.38,0,High Value
16139.0,19,3,635.41,0,High Value
16140.0,66,2,725.18,0,High Value
16141.0,88,1,620.4,0,High Value
16142.0,250,1,535.34,1,Regular
16143.0,3,6,2424.94,0,High Value
16144.0,247,1,175.2,1,Regular
16145.0,9,11,3799.4900000000002,0,High Value
16146.0,157,3,734.13,1,Regular
16147.0,134,1,375.0,0,High Value
16148.0,296,1,76.32000000000001,1,Regular
16149.0,5,2,280.52,0,High Value
16150.0,43,5,2053.02,0,High Value
16152.0,269,1,1829.04,1,Regular
16153.0,50,5,1824.23,0,High Value
16156.0,9,9,3092.04,0,High Value
16157.0,16,3,656.69,0,High Value
16159.0,282,1,348.2,1,Regular
16160.0,65,2,1025.44,0,High Value
16161.0,2,19,5533.67,3,At Risk
16162.0,252,1,37.4,1,Regular
16163.0,232,2,856.6,1,Regular
16164.0,17,3,822.48,0,High Value
16168.0,11,27,3787.6,3,At Risk
16169.0,8,4,1822.97,0,High Value
16170.0,51,6,1885.05,0,High Value
16171.0,59,1,73.2,0,High Value
16172.0,95,5,1140.21,0,High Value
16173.0,16,6,1418.32,0,High Value
16174.0,126,3,1009.5500000000001,0,High Value
16175.0,94,4,1037.59,0,High Value
16177.0,50,1,331.95,0,High Value
16178.0,138,1,197.9,0,High Value
16179.0,61,1,215.83,0,High Value
16180.0,100,8,10254.18,0,High Value
16181.0,73,1,305.54,0,High Value
16182.0,72,4,6617.65,0,High Value
16183.0,67,1,338.71000000000004,0,High Value
16184.0,64,6,1158.79,0,High Value
16185.0,17,2,529.41,0,High Value
16186.0,23,12,4006.94,0,High Value
16187.0,32,15,6911.4400000000005,3,At Risk
16188.0,45,4,981.86,0,High Value
16189.0,16,2,215.48,0,High Value
16190.0,40,1,215.08,0,High Value
16191.0,3,13,5180.52,0,High Value
16193.0,237,1,314.45,1,Regular
16198.0,75,1,400.68100000000004,0,High Value
16200.0,4,2,1068.8700000000001,0,High Value
16201.0,3,4,1863.47,0,High Value
16202.0,361,1,365.27,1,Regular
16203.0,59,4,592.9,0,High Value
16204.0,23,1,384.18,0,High Value
16205.0,31,4,757.63,0,High Value
16206.0,55,4,537.0600000000001,0,High Value
16207.0,25,1,394.38,0,High Value
16208.0,45,2,664.26,0,High Value
16209.0,89,5,2262.62,0,High Value
16210.0,2,18,21086.3,3,At Risk
16211.0,89,1,547.02,0,High Value
16212.0,19,2,690.34,0,High Value
16213.0,79,1,159.0,0,High Value
16214.0,171,3,1062.75,1,Regular
16215.0,81,1,242.35,0,High Value
16216.0,267,1,914.9300000000001,1,Regular
16217.0,235,2,304.25,1,Regular
16218.0,30,7,3084.68,0,High Value
16221.0,37,3,860.86,0,High Value
16222.0,318,1,773.5500000000001,1,Regular
16224.0,57,4,1295.3,0,High Value
16225.0,45,5,1096.32,0,High Value
16226.0,203,3,255.12,1,Regular
16227.0,225,1,314.22,1,Regular
16229.0,87,2,1010.6,0,High Value
16230.0,190,2,542.03,1,Regular
16232.0,44,4,990.88,0,High Value
16233.0,71,3,536.6800000000001,0,High Value
16235.0,41,5,867.31,0,High Value
16236.0,78,1,432.2,0,High Value
16239.0,57,2,414.2,0,High Value
16240.0,24,2,3718.8,0,High Value
16241.0,10,13,2590.31,0,High Value
16242.0,8,7,3579.86,0,High Value
16243.0,34,2,409.1,0,High Value
16244.0,212,2,1522.75,1,Regular
16245.0,24,3,1413.66,0,High Value
16247.0,170,1,114.56,1,Regular
16248.0,62,1,152.94,0,High Value
16249.0,53,5,1800.07,0,High Value
16250.0,261,2,389.44,1,Regular
16253.0,67,2,3683.86,0,High Value
16255.0,17,8,2619.91,0,High Value
16256.0,267,1,752.4300000000001,1,Regular
16257.0,177,1,46.95,1,Regular
16258.0,45,5,5203.51,0,High Value
16260.0,51,1,1035.45,0,High Value
16261.0,17,4,728.54,0,High Value
16265.0,9,9,5447.0,0,High Value
16266.0,74,7,861.89,0,High Value
16268.0,71,2,667.65,0,High Value
16270.0,353,1,1141.24,1,Regular
16271.0,3,5,1404.64,0,High Value
16272.0,117,1,411.7,0,High Value
16274.0,373,1,351.75,1,Regular
16275.0,197,1,559.87,1,Regular
16276.0,177,1,810.6000000000001,1,Regular
16278.0,100,1,566.38,0,High Value
16279.0,21,3,1502.78,0,High Value
16281.0,72,1,2062.06,0,High Value
16282.0,340,1,168.3,1,Regular
16283.0,6,5,1570.81,0,High Value
16284.0,31,2,812.68,0,High Value
16287.0,170,1,142.5,1,Regular
16292.0,122,1,302.25,0,High Value
16293.0,22,10,2248.9900000000002,0,High Value
16295.0,10,4,1328.55,0,High Value
16297.0,269,1,301.9,1,Regular
16298.0,23,3,598.2,0,High Value
16302.0,127,1,233.22,0,High Value
16303.0,26,3,5360.63,0,High Value
16305.0,139,1,361.21999999999997,0,High Value
16306.0,214,6,632.27,1,Regular
16308.0,38,4,2560.0,0,High Value
16309.0,106,2,706.57,0,High Value
16311.0,18,2,616.26,0,High Value
16313.0,3,2,274.15000000000003,0,High Value
16315.0,331,1,226.37,1,Regular
16316.0,64,8,2938.91,0,High Value
16317.0,120,3,1341.65,0,High Value
16318.0,35,1,328.15,0,High Value
16319.0,218,1,404.40000000000003,1,Regular
16320.0,172,2,1038.46,1,Regular
16321.0,72,5,373.65000000000003,0,High Value
16322.0,1,2,326.75,0,High Value
16323.0,196,1,207.50000000000003,1,Regular
16324.0,128,3,408.59000000000003,0,High Value
16325.0,47,3,594.24,0,High Value
16326.0,6,14,3039.2200000000003,0,High Value
16327.0,14,6,3820.27,0,High Value
16330.0,18,3,251.91,0,High Value
16332.0,28,7,1582.8,0,High Value
16333.0,8,22,26626.8,3,At Risk
16337.0,37,1,151.05,0,High Value
16338.0,157,1,214.79999999999998,1,Regular
16339.0,284,1,94.05,1,Regular
16340.0,107,1,534.31,0,High Value
16341.0,25,4,1971.87,0,High Value
16342.0,75,4,322.41,0,High Value
16343.0,16,2,328.58,0,High Value
16344.0,158,1,101.10000000000001,1,Regular
16345.0,44,1,565.46,0,High Value
16347.0,11,2,847.45,0,High Value
16348.0,32,7,1415.65,0,High Value
16349.0,291,1,53.5,1,Regular
16350.0,21,4,1116.47,0,High Value
16351.0,333,1,153.9,1,Regular
16352.0,18,2,494.44,0,High Value
16353.0,4,23,6675.71,3,At Risk
16354.0,63,2,395.8,0,High Value
16356.0,198,3,211.77,1,Regular
16357.0,33,3,658.88,0,High Value
16358.0,1,4,2027.5,0,High Value
16359.0,7,9,1750.92,0,High Value
16360.0,5,6,3450.41,0,High Value
16361.0,10,4,891.21,0,High Value
16362.0,32,5,709.99,0,High Value
16363.0,53,1,109.36000000000001,0,High Value
16364.0,12,2,705.79,0,High Value
16365.0,18,9,1540.42,0,High Value
16366.0,19,1,327.3,0,High Value
16367.0,37,2,800.67,0,High Value
16368.0,2,2,479.91,0,High Value
16369.0,18,3,1545.41,0,High Value
16370.0,82,4,1301.91,0,High Value
16372.0,33,2,355.73,0,High Value
16374.0,66,2,466.73,0,High Value
16376.0,9,2,974.96,0,High Value
16377.0,267,1,676.2,1,Regular
16378.0,247,3,362.95,1,Regular
16379.0,4,4,2157.4,0,High Value
16380.0,61,1,1743.1499999999999,0,High Value
16383.0,75,2,643.76,0,High Value
16384.0,90,2,584.5,0,High Value
16385.0,60,3,554.86,0,High Value
16386.0,29,2,302.57,0,High Value
16387.0,323,1,94.36,1,Regular
16389.0,53,4,1382.07,0,High Value
16392.0,270,1,217.89,1,Regular
16393.0,2,13,3040.96,0,High Value
16394.0,57,5,1555.34,0,High Value
16395.0,61,5,1482.06,0,High Value
16398.0,154,2,1705.8,1,Regular
16399.0,19,2,408.02,0,High Value
16400.0,95,1,303.93,0,High Value
16401.0,1,12,4098.32,0,High Value
16402.0,265,2,293.45,1,Regular
16403.0,312,1,177.5,1,Regular
16404.0,70,1,443.05,0,High Value
16405.0,302,2,167.25,1,Regular
16406.0,19,1,154.35,0,High Value
16407.0,13,10,2079.68,0,High Value
16409.0,36,5,2022.98,0,High Value
16411.0,19,2,211.7,0,High Value
16412.0,54,1,135.99,0,High Value
16413.0,57,1,262.2,0,High Value
16414.0,22,2,126.25,0,High Value
16415.0,44,1,200.27,0,High Value
16416.0,27,3,1051.4,0,High Value
16418.0,45,3,631.12,0,High Value
16419.0,113,6,958.71,0,High Value
16422.0,17,51,34684.4,3,At Risk
16423.0,25,1,346.12,0,High Value
16424.0,191,1,133.56,1,Regular
16425.0,302,1,302.7,1,Regular
16426.0,2,10,1863.76,0,High Value
16427.0,263,2,241.06,1,Regular
16429.0,106,1,284.55,0,High Value
16430.0,57,1,300.85,0,High Value
16431.0,213,3,623.28,1,Regular
16432.0,64,1,287.4,0,High Value
16433.0,28,1,184.26,0,High Value
16434.0,29,7,1511.8,0,High Value
16438.0,6,5,798.35,0,High Value
16440.0,8,5,3640.67,0,High Value
16441.0,67,2,381.2,0,High Value
16442.0,2,3,609.3,0,High Value
16444.0,46,4,654.67,0,High Value
16445.0,34,1,230.51,0,High Value
16446.0,1,2,168472.5,2,Occasional
16447.0,136,1,255.91,0,High Value
16448.0,198,1,182.99,1,Regular
16449.0,198,2,707.69,1,Regular
16450.0,150,1,311.92,1,Regular
16451.0,88,1,266.97,0,High Value
16454.0,45,2,6.9,0,High Value
16455.0,64,7,1841.18,0,High Value
16456.0,99,5,2158.18,0,High Value
16457.0,218,1,208.36,1,Regular
16458.0,3,18,3482.7400000000002,3,At Risk
16460.0,28,3,811.23,0,High Value
16461.0,178,1,142.92,1,Regular
16462.0,74,3,136.0,0,High Value
16463.0,21,4,1422.4,0,High Value
16464.0,20,3,1298.66,0,High Value
16466.0,34,7,1595.96,0,High Value
16468.0,74,1,74.9,0,High Value
16469.0,24,4,625.42,0,High Value
16470.0,52,4,752.77,0,High Value
16471.0,275,1,223.95000000000002,1,Regular
16473.0,165,3,316.11,1,Regular
16474.0,7,7,1810.65,0,High Value
16475.0,88,4,544.3,0,High Value
16477.0,64,7,2494.46,0,High Value
16478.0,25,3,331.0,0,High Value
16479.0,10,2,300.83,0,High Value
16480.0,76,1,769.29,0,High Value
16482.0,16,1,220.62,0,High Value
16483.0,192,1,139.35,1,Regular
16484.0,174,2,404.3,1,Regular
16485.0,77,1,363.65,0,High Value
16488.0,33,3,498.8,0,High Value
16491.0,47,1,731.5,0,High Value
16493.0,80,4,1351.63,0,High Value
16494.0,297,1,826.53,1,Regular
16495.0,3,3,648.26,0,High Value
16496.0,9,3,1599.52,0,High Value
16497.0,50,6,2965.69,0,High Value
16498.0,161,2,100.97,1,Regular
16499.0,360,2,365.45,1,Regular
16500.0,5,6,400.86,0,High Value
16503.0,107,4,1431.93,0,High Value
16504.0,25,1,465.88,0,High Value
16505.0,32,1,777.6,0,High Value
16506.0,20,2,90.30000000000001,0,High Value
16509.0,297,1,363.7,1,Regular
16510.0,372,1,248.1,1,Regular
16511.0,22,3,918.33,0,High Value
16513.0,5,4,874.59,0,High Value
16515.0,52,5,1624.14,0,High Value
16516.0,30,1,101.69999999999999,0,High Value
16517.0,277,1,162.7,1,Regular
16518.0,61,2,484.32,0,High Value
16519.0,25,2,215.07999999999998,0,High Value
16520.0,186,3,1046.57,1,Regular
16523.0,2,21,9418.470000000001,3,At Risk
16525.0,2,26,13027.45,3,At Risk
16526.0,172,1,290.36,1,Regular
16527.0,81,1,228.06,0,High Value
16528.0,4,1,244.41,0,High Value
16529.0,190,1,455.25,1,Regular
16531.0,22,7,1244.59,0,High Value
16532.0,18,3,6748.8,0,High Value
16533.0,19,3,1082.81,0,High Value
16535.0,5,1,593.75,0,High Value
16536.0,110,1,548.12,0,High Value
16539.0,3,4,1388.81,0,High Value
16542.0,54,1,119.62,0,High Value
16545.0,165,1,339.3,1,Regular
16546.0,291,2,787.15,1,Regular
16549.0,10,10,4034.9,0,High Value
16550.0,109,5,2298.97,0,High Value
16551.0,96,3,922.12,0,High Value
16552.0,243,2,379.73,1,Regular
16553.0,163,12,5719.82,0,High Value
16554.0,42,3,837.1,0,High Value
16555.0,35,2,285.89,0,High Value
16556.0,67,7,3313.79,0,High Value
16557.0,24,2,281.85,0,High Value
16558.0,1,20,8338.49,3,At Risk
16560.0,27,2,841.41,0,High Value
16561.0,6,2,511.12,0,High Value
16563.0,54,1,1077.74,0,High Value
16565.0,364,1,173.7,1,Regular
16566.0,15,5,614.66,0,High Value
16567.0,194,2,865.6,1,Regular
16569.0,3,1,124.2,0,High Value
16570.0,15,10,3738.4,0,High Value
16571.0,27,3,1421.69,0,High Value
16572.0,127,3,1009.6,0,High Value
16573.0,85,2,663.61,0,High Value
16574.0,71,1,451.44,0,High Value
16581.0,183,1,105.84,1,Regular
16582.0,113,1,313.62,0,High Value
16583.0,374,1,233.45,1,Regular
16584.0,80,2,936.08,0,High Value
16586.0,249,1,463.95,1,Regular
16587.0,232,1,225.15,1,Regular
16589.0,71,3,459.24,0,High Value
16591.0,69,1,213.5,0,High Value
16592.0,4,16,4113.68,3,At Risk
16593.0,51,3,330.03,0,High Value
16594.0,75,1,181.09,0,High Value
16595.0,61,1,360.16,0,High Value
16596.0,16,2,250.15,0,High Value
16597.0,4,1,90.04,0,High Value
16598.0,286,1,145.04999999999998,1,Regular
16600.0,4,6,813.52,0,High Value
16601.0,41,1,242.7,0,High Value
16602.0,36,1,528.08,0,High Value
16603.0,75,2,482.47,0,High Value
16607.0,18,14,3347.71,0,High Value
16609.0,15,7,5493.46,0,High Value
16610.0,219,1,75.66,1,Regular
16611.0,186,1,129.49,1,Regular
16612.0,33,4,1187.66,0,High Value
16613.0,70,1,618.59,0,High Value
16614.0,183,1,506.19,1,Regular
16616.0,15,2,500.42,0,High Value
16617.0,236,1,151.85,1,Regular
16618.0,31,5,2647.59,0,High Value
16619.0,264,1,226.21,1,Regular
16620.0,4,2,178.96,0,High Value
16621.0,52,4,813.48,0,High Value
16623.0,246,1,129.45,1,Regular
16624.0,81,2,810.5699999999999,0,High Value
16625.0,275,1,333.08,1,Regular
16626.0,1,17,4413.1,3,At Risk
16627.0,79,1,322.8,0,High Value
16628.0,30,5,2188.05,0,High Value
16629.0,74,2,408.63,0,High Value
16633.0,17,6,2883.1,0,High Value
16634.0,223,2,217.9,1,Regular
16637.0,32,4,1154.47,0,High Value
16638.0,23,10,1680.72,0,High Value
16639.0,31,3,1257.51,0,High Value
16641.0,106,1,231.10000000000002,0,High Value
16642.0,5,2,688.33,0,High Value
16643.0,246,1,487.51,1,Regular
16644.0,178,2,833.78,1,Regular
16647.0,170,2,214.06,1,Regular
16648.0,43,1,290.65999999999997,0,High Value
16650.0,72,1,518.42,0,High Value
16652.0,59,7,6773.97,0,High Value
16653.0,16,2,1212.66,0,High Value
16654.0,141,4,601.27,0,High Value
16655.0,18,6,3789.52,0,High Value
16656.0,22,15,8625.8,3,At Risk
16657.0,10,4,874.43,0,High Value
16658.0,368,1,123.24,1,Regular
16659.0,189,1,39.12,1,Regular
16660.0,16,4,1267.6499999999999,0,High Value
16665.0,362,1,135.39999999999998,1,Regular
16666.0,19,1,118.98,0,High Value
16667.0,68,2,567.1800000000001,0,High Value
16668.0,15,6,306.71999999999997,0,High Value
16669.0,24,3,1348.88,0,High Value
16670.0,17,11,4095.9,0,High Value
16671.0,28,3,1692.27,0,High Value
16672.0,2,20,8134.9400000000005,3,At Risk
16674.0,55,2,304.24,0,High Value
16676.0,34,4,1592.1200000000001,0,High Value
16678.0,3,12,3109.99,0,High Value
16679.0,366,1,129.75,1,Regular
16680.0,43,1,183.7,0,High Value
16681.0,73,6,1770.34,0,High Value
16682.0,5,5,1028.0,0,High Value
16684.0,4,28,66653.56,3,At Risk
16685.0,61,2,324.24,0,High Value
16686.0,47,7,2959.88,0,High Value
16688.0,1,4,1260.86,0,High Value
16689.0,76,2,422.59999999999997,0,High Value
16690.0,72,2,225.57999999999998,0,High Value
16692.0,256,2,1276.0,1,Regular
16693.0,69,2,477.86,0,High Value
16696.0,135,4,657.9000000000001,0,High Value
16697.0,241,1,112.75,1,Regular
16698.0,227,2,1998.0,1,Regular
16700.0,9,13,5076.55,0,High Value
16701.0,9,13,5398.3,0,High Value
16705.0,1,20,14034.99,3,At Risk
16706.0,37,3,531.35,0,High Value
16708.0,46,1,656.63,0,High Value
16709.0,85,5,3029.87,0,High Value
16710.0,19,10,2467.99,0,High Value
16711.0,3,5,1651.03,0,High Value
16712.0,9,11,3611.31,0,High Value
16713.0,19,15,6910.78,3,At Risk
16714.0,219,3,1129.06,1,Regular
16715.0,78,1,301.71999999999997,0,High Value
16716.0,267,2,901.2,1,Regular
16717.0,24,6,3843.08,0,High Value
16718.0,369,1,606.0500000000001,1,Regular
16719.0,15,7,1770.22,0,High Value
16720.0,26,1,152.95,0,High Value
16721.0,262,1,292.47,1,Regular
16722.0,17,13,4730.81,0,High Value
16723.0,91,2,576.4,0,High Value
16725.0,302,7,758.27,1,Regular
16726.0,26,5,1358.74,0,High Value
16727.0,364,1,256.32,1,Regular
16728.0,46,4,1048.28,0,High Value
16729.0,38,21,7205.33,3,At Risk
16730.0,52,3,743.11,0,High Value
16732.0,32,1,603.75,0,High Value
16734.0,52,3,646.76,0,High Value
16735.0,79,5,2247.41,0,High Value
16737.0,53,1,417.59999999999997,0,High Value
16738.0,298,1,3.75,1,Regular
16739.0,177,1,323.0,1,Regular
16742.0,47,1,464.9,0,High Value
16743.0,29,7,2213.13,0,High Value
16744.0,11,7,1291.91,0,High Value
16745.0,87,17,7180.7,3,At Risk
16746.0,5,18,6680.11,3,At Risk
16747.0,38,2,836.06,0,High Value
16748.0,18,5,1515.9,0,High Value
16750.0,45,5,623.93,0,High Value
16751.0,31,1,1764.72,0,High Value
16752.0,373,1,207.5,1,Regular
16753.0,58,1,223.92000000000002,0,High Value
16754.0,372,1,2002.4,1,Regular
16755.0,114,3,1475.43,0,High Value
16756.0,215,1,239.4,1,Regular
16757.0,319,1,106.83000000000001,1,Regular
16758.0,65,1,369.34000000000003,0,High Value
16759.0,8,3,789.79,0,High Value
16761.0,97,1,316.62,0,High Value
16762.0,20,3,1207.24,0,High Value
16763.0,199,1,611.85,1,Regular
16764.0,4,13,2790.9500000000003,0,High Value
16765.0,294,1,34.0,1,Regular
16766.0,273,2,1145.6,1,Regular
16767.0,31,11,5575.56,0,High Value
16768.0,48,3,478.09000000000003,0,High Value
16769.0,260,1,361.54,1,Regular
16770.0,58,5,757.1,0,High Value
16771.0,33,5,2242.61,0,High Value
16773.0,57,1,171.59,0,High Value
16774.0,68,4,661.52,0,High Value
16775.0,10,11,1691.51,0,High Value
16776.0,60,1,371.54,0,High Value
16777.0,80,2,222.62,0,High Value
16778.0,74,2,245.94,0,High Value
16779.0,2,22,10611.720000000001,3,At Risk
16780.0,100,2,422.24,0,High Value
16781.0,372,1,311.25,1,Regular
16782.0,10,13,2267.9500000000003,0,High Value
16784.0,20,1,107.6,0,High Value
16788.0,123,2,594.39,0,High Value
16789.0,8,1,80.8,0,High Value
16790.0,4,6,1545.6200000000001,0,High Value
16791.0,29,7,1705.78,0,High Value
16792.0,282,2,110.38000000000001,1,Regular
16793.0,57,1,243.84,0,High Value
16794.0,1,10,1196.5,0,High Value
16795.0,365,1,414.88,1,Regular
16796.0,89,1,305.62,0,High Value
16800.0,11,1,1162.65,0,High Value
16801.0,163,4,1594.23,1,Regular
16803.0,65,1,332.3,0,High Value
16804.0,23,3,536.99,0,High Value
16805.0,174,2,460.59,1,Regular
16806.0,103,4,762.16,0,High Value
16807.0,143,3,1121.59,0,High Value
16808.0,99,2,288.42,0,High Value
16809.0,23,5,914.69,0,High Value
16810.0,192,1,309.54,1,Regular
16811.0,5,2,547.07,0,High Value
16812.0,361,1,479.35,1,Regular
16813.0,8,10,1652.18,0,High Value
16814.0,14,21,6416.7,3,At Risk
16816.0,103,4,417.06,0,High Value
16817.0,3,9,1604.75,0,High Value
16818.0,11,11,3349.57,0,High Value
16820.0,96,1,497.61,0,High Value
16823.0,227,1,358.38,1,Regular
16824.0,16,2,460.64,0,High Value
16825.0,39,2,775.1800000000001,0,High Value
16826.0,51,1,341.7,0,High Value
16828.0,93,2,128.5,0,High Value
16829.0,157,1,197.22,1,Regular
16830.0,39,1,325.91,0,High Value
16832.0,184,3,199.15,1,Regular
16833.0,1,4,1106.53,0,High Value
16834.0,228,1,413.46,1,Regular
16835.0,128,2,180.85,0,High Value
16836.0,40,2,251.87,0,High Value
16837.0,31,11,3170.98,0,High Value
16838.0,197,2,588.85,1,Regular
16839.0,9,34,16594.35,3,At Risk
16841.0,37,6,1869.82,0,High Value
16842.0,101,3,1264.19,0,High Value
16843.0,43,16,10196.57,3,At Risk
16846.0,50,1,214.32,0,High Value
16847.0,43,1,193.44,0,High Value
16848.0,53,1,281.42,0,High Value
16849.0,187,1,124.57,1,Regular
16850.0,334,1,332.41,1,Regular
16851.0,4,3,342.45,0,High Value
16852.0,10,2,144.91000000000003,0,High Value
16855.0,24,2,328.4,0,High Value
16856.0,15,1,35.400000000000006,0,High Value
16858.0,369,1,375.69000000000005,1,Regular
16859.0,145,2,747.81,1,Regular
16861.0,60,2,173.76,0,High Value
16863.0,31,2,502.8,0,High Value
16866.0,141,3,207.73999999999998,0,High Value
16869.0,23,4,817.12,0,High Value
16871.0,22,6,2812.34,0,High Value
16872.0,77,3,680.02,0,High Value
16873.0,5,6,7123.62,0,High Value
16875.0,67,5,2095.53,0,High Value
16877.0,12,6,846.62,0,High Value
16878.0,84,1,13.3,0,High Value
16880.0,31,7,1491.43,0,High Value
16881.0,67,1,432.0,0,High Value
16882.0,67,3,705.12,0,High Value
16883.0,187,2,272.48,1,Regular
16884.0,38,2,429.84000000000003,0,High Value
16885.0,15,3,450.41,0,High Value
16887.0,35,1,192.32999999999998,0,High Value
16889.0,195,3,1578.67,1,Regular
16891.0,2,5,742.43,0,High Value
16892.0,1,5,518.19,0,High Value
16893.0,367,1,145.93,1,Regular
16895.0,65,1,202.27,0,High Value
16897.0,299,2,289.78,1,Regular
16898.0,26,3,501.03,0,High Value
16899.0,8,6,1271.06,0,High Value
16900.0,17,3,887.11,0,High Value
16902.0,116,1,1706.88,0,High Value
16903.0,29,1,363.2,0,High Value
16904.0,4,16,3653.75,3,At Risk
16905.0,5,7,3037.6,0,High Value
16906.0,82,4,559.59,0,High Value
16907.0,29,5,928.76,0,High Value
16909.0,72,1,379.14,0,High Value
16910.0,4,8,1508.96,0,High Value
16912.0,29,11,2555.58,0,High Value
16913.0,290,1,113.44,1,Regular
16914.0,36,1,183.76,0,High Value
16915.0,9,6,621.6800000000001,0,High Value
16916.0,24,2,562.41,0,High Value
16917.0,277,1,391.52,1,Regular
16918.0,50,6,1068.82,0,High Value
16919.0,156,11,2592.25,0,High Value
16921.0,61,1,154.18,0,High Value
16923.0,12,19,7069.08,3,At Risk
16924.0,21,3,829.89,0,High Value
16926.0,371,1,230.25,1,Regular
16927.0,116,3,543.05,0,High Value
16928.0,80,17,2814.7,3,At Risk
16929.0,4,7,1295.39,0,High Value
16930.0,26,3,378.89,0,High Value
16931.0,5,21,4554.87,3,At Risk
16932.0,53,1,150.23000000000002,0,High Value
16933.0,1,2,563.23,0,High Value
16934.0,55,2,931.03,0,High Value
16936.0,26,1,261.9,0,High Value
16938.0,9,4,2711.6800000000003,0,High Value
16940.0,52,3,3049.88,0,High Value
16942.0,13,9,1904.99,0,High Value
16943.0,212,3,816.73,1,Regular
16945.0,22,19,4345.5,3,At Risk
16947.0,236,1,406.48,1,Regular
16948.0,139,3,435.02,0,High Value
16949.0,4,6,1286.27,0,High Value
16950.0,57,3,1178.56,0,High Value
16951.0,135,3,1277.75,0,High Value
16952.0,109,2,167.61,0,High Value
16953.0,30,1,20.8,0,High Value
16954.0,1,9,2085.08,0,High Value
16955.0,185,4,518.67,1,Regular
16956.0,18,1,308.74,0,High Value
16957.0,239,2,416.64,1,Regular
16959.0,87,1,117.35000000000001,0,High Value
16960.0,39,3,507.05,0,High Value
16961.0,116,1,234.17,0,High Value
16963.0,187,1,110.55000000000001,1,Regular
16965.0,227,1,201.19,1,Regular
16966.0,8,7,2154.97,0,High Value
16967.0,189,1,319.02,1,Regular
16968.0,4,2,439.43,0,High Value
16969.0,39,3,650.41,0,High Value
16971.0,38,1,357.21,0,High Value
16976.0,267,1,251.51999999999998,1,Regular
16978.0,78,1,344.33,0,High Value
16979.0,4,6,1852.0,0,High Value
16980.0,255,2,1028.46,1,Regular
16982.0,61,1,384.06,0,High Value
16983.0,13,7,1905.87,0,High Value
16984.0,88,2,4459.52,0,High Value
16985.0,17,10,5464.12,0,High Value
16986.0,30,2,1873.2,0,High Value
16987.0,3,7,1616.8,0,High Value
16988.0,5,1,126.12,0,High Value
16989.0,7,6,1133.25,0,High Value
16990.0,219,1,179.0,1,Regular
16992.0,11,5,1614.31,0,High Value
16996.0,30,6,1456.96,0,High Value
16997.0,288,3,702.0,1,Regular
16998.0,150,4,295.0,1,Regular
16999.0,23,2,484.82,0,High Value
17001.0,1,11,3989.57,0,High Value
17002.0,86,3,1493.73,0,High Value
17004.0,46,2,1312.1399999999999,0,High Value
17006.0,5,4,781.78,0,High Value
17007.0,51,6,889.9300000000001,0,High Value
17010.0,18,1,195.36,0,High Value
17011.0,30,1,270.9,0,High Value
17014.0,8,3,583.4300000000001,0,High Value
17015.0,29,3,1838.6100000000001,0,High Value
17017.0,3,20,8694.26,3,At Risk
17018.0,41,2,920.1,0,High Value
17019.0,11,4,1258.08,0,High Value
17022.0,31,1,71.0,0,High Value
17024.0,45,3,95.85,0,High Value
17025.0,61,3,357.77,0,High Value
17026.0,185,2,154.82999999999998,1,Regular
17027.0,79,6,877.5600000000001,0,High Value
17029.0,111,2,716.0,0,High Value
17030.0,64,1,146.87,0,High Value
17031.0,12,2,380.35,0,High Value
17033.0,86,3,1030.14,0,High Value
17034.0,16,3,745.52,0,High Value
17035.0,246,2,433.53000000000003,1,Regular
17037.0,88,1,1267.32,0,High Value
17038.0,30,1,112.4,0,High Value
17040.0,138,1,449.73,0,High Value
17041.0,27,3,1071.49,0,High Value
17042.0,3,5,1036.58,0,High Value
17043.0,32,4,1735.18,0,High Value
17044.0,25,1,948.48,0,High Value
17045.0,113,3,339.44,0,High Value
17046.0,157,1,642.02,1,Regular
17047.0,85,3,1100.9,0,High Value
17048.0,118,3,925.35,0,High Value
17049.0,3,9,5655.03,0,High Value
17050.0,96,6,3185.64,0,High Value
17051.0,194,1,240.89000000000001,1,Regular
17052.0,28,1,399.09,0,High Value
17053.0,131,1,498.48,0,High Value
17054.0,28,5,1356.33,0,High Value
17058.0,82,3,1179.89,0,High Value
17059.0,30,5,3080.39,0,High Value
17060.0,266,1,234.24,1,Regular
17061.0,74,11,5232.2300000000005,0,High Value
17062.0,314,4,533.33,1,Regular
17063.0,21,7,1461.14,0,High Value
17064.0,59,3,855.45,0,High Value
17068.0,12,21,4552.14,3,At Risk
17069.0,28,9,2709.7000000000003,0,High Value
17070.0,114,1,304.24,0,High Value
17071.0,28,9,2429.03,0,High Value
17073.0,18,4,1446.09,0,High Value
17075.0,18,4,834.12,0,High Value
17076.0,36,3,841.0799999999999,0,High Value
17078.0,36,2,378.2,0,High Value
17079.0,78,1,118.80000000000001,0,High Value
17080.0,22,2,287.62,0,High Value
17081.0,25,2,288.91,0,High Value
17082.0,33,2,2003.85,0,High Value
17083.0,109,3,1405.78,0,High Value
17084.0,35,2,2747.9900000000002,0,High Value
17085.0,123,5,1562.4,0,High Value
17086.0,7,6,2050.08,0,High Value
17088.0,28,4,1991.01,0,High Value
17090.0,4,7,1974.65,0,High Value
17091.0,3,9,3827.76,0,High Value
17092.0,50,4,1774.03,0,High Value
17094.0,322,1,302.0,1,Regular
17095.0,23,3,1324.16,0,High Value
17096.0,15,4,1022.13,0,High Value
17097.0,2,8,954.42,0,High Value
17100.0,18,2,971.74,0,High Value
17101.0,10,4,1621.73,0,High Value
17102.0,262,1,25.5,1,Regular
17105.0,159,2,665.78,1,Regular
17107.0,33,6,10797.48,0,High Value
17109.0,29,6,881.29,0,High Value
17110.0,165,1,163.29999999999998,1,Regular
17111.0,47,1,231.61,0,High Value
17114.0,6,8,801.12,0,High Value
17115.0,8,3,837.5,0,High Value
17117.0,288,1,116.19999999999999,1,Regular
17118.0,318,1,157.02,1,Regular
17119.0,3,2,606.91,0,High Value
17120.0,233,1,307.46,1,Regular
17122.0,119,1,138.32,0,High Value
17123.0,162,1,345.29999999999995,1,Regular
17124.0,185,1,294.24,1,Regular
17125.0,50,1,230.5,0,High Value
17126.0,152,5,989.45,1,Regular
17128.0,335,1,157.09,1,Regular
17131.0,5,5,2463.17,0,High Value
17133.0,16,7,4892.240000000001,0,High Value
17134.0,107,2,413.2,0,High Value
17135.0,16,7,1139.73,0,High Value
17138.0,276,1,380.5,1,Regular
17139.0,16,12,10650.77,3,At Risk
17140.0,247,1,454.12,1,Regular
17142.0,239,1,579.0,1,Regular
17144.0,1,2,984.57,0,High Value
17146.0,106,3,749.78,0,High Value
17147.0,23,4,1714.59,0,High Value
17148.0,52,1,124.88,0,High Value
17152.0,195,3,1689.5,1,Regular
17153.0,24,1,213.78,0,High Value
17154.0,75,1,329.34,0,High Value
17155.0,18,2,251.70000000000002,0,High Value
17157.0,8,2,319.0,0,High Value
17158.0,32,3,1266.97,0,High Value
17159.0,22,3,1538.88,0,High Value
17160.0,31,6,3518.03,0,High Value
17162.0,29,10,1715.46,0,High Value
17163.0,22,2,293.1,0,High Value
17164.0,33,7,2467.35,0,High Value
17165.0,284,1,158.68,1,Regular
17166.0,39,2,206.34,0,High Value
17169.0,58,2,835.78,0,High Value
17171.0,289,1,224.91,1,Regular
17172.0,79,1,317.76,0,High Value
17173.0,5,8,3766.6,0,High Value
17174.0,218,1,59.9,1,Regular
17175.0,44,4,1443.69,0,High Value
17176.0,202,1,306.13,1,Regular
17179.0,178,3,711.79,1,Regular
17180.0,56,4,783.97,0,High Value
17181.0,57,2,239.92000000000002,0,High Value
17183.0,8,6,3347.31,0,High Value
17186.0,47,2,144.0,0,High Value
17187.0,227,1,203.95,1,Regular
17188.0,11,7,2474.23,0,High Value
17189.0,106,2,383.75,0,High Value
17190.0,59,2,444.74,0,High Value
17191.0,28,7,2093.68,0,High Value
17193.0,36,7,1699.3000000000002,0,High Value
17194.0,274,2,262.62,1,Regular
17197.0,30,1,1013.01,0,High Value
17198.0,24,3,692.22,0,High Value
17201.0,54,1,289.78,0,High Value
17203.0,36,6,3560.08,0,High Value
17204.0,175,4,1564.56,1,Regular
17205.0,54,1,384.08,0,High Value
17206.0,53,1,204.24,0,High Value
17211.0,27,8,2317.2200000000003,0,High Value
17212.0,253,1,226.85,1,Regular
17213.0,40,7,2781.23,0,High Value
17214.0,60,6,1059.1200000000001,0,High Value
17217.0,234,1,113.5,1,Regular
17218.0,4,10,1951.97,0,High Value
17219.0,32,1,114.23,0,High Value
17220.0,24,14,3187.55,0,High Value
17221.0,7,2,334.48,0,High Value
17222.0,65,1,328.65,0,High Value
17223.0,310,2,416.89,1,Regular
17226.0,309,1,393.49,1,Regular
17227.0,19,6,939.32,0,High Value
17228.0,16,8,1906.09,0,High Value
17229.0,96,2,318.76,0,High Value
17230.0,264,8,3638.41,1,Regular
17231.0,12,10,3124.72,0,High Value
17232.0,3,2,417.77,0,High Value
17233.0,35,1,190.88,0,High Value
17234.0,183,1,149.89000000000001,1,Regular
17235.0,25,2,550.06,0,High Value
17236.0,13,6,916.13,0,High Value
17237.0,11,2,314.69,0,High Value
17238.0,3,17,3719.1,3,At Risk
17239.0,313,1,382.5,1,Regular
17242.0,108,2,1135.04,0,High Value
17243.0,1,26,8540.05,3,At Risk
17244.0,53,1,954.9,0,High Value
17245.0,205,1,171.45,1,Regular
17247.0,15,1,280.09000000000003,0,High Value
17248.0,120,1,318.65,0,High Value
17250.0,4,2,381.97,0,High Value
17251.0,363,1,269.83,1,Regular
17252.0,117,2,348.91,0,High Value
17253.0,18,1,178.26,0,High Value
17254.0,5,2,271.19,0,High Value
17255.0,41,2,291.48,0,High Value
17256.0,107,2,240.0,0,High Value
17259.0,148,2,581.23,1,Regular
17262.0,52,5,1253.3600000000001,0,High Value
17263.0,208,1,63.440000000000005,1,Regular
17265.0,139,2,550.01,0,High Value
17266.0,2,3,296.58,0,High Value
17267.0,127,2,317.2,0,High Value
17268.0,108,4,763.64,0,High Value
17272.0,42,4,2148.63,0,High Value
17274.0,35,1,107.82,0,High Value
17277.0,228,2,1065.3500000000001,1,Regular
17278.0,241,1,246.04,1,Regular
17279.0,58,1,187.82999999999998,0,High Value
17282.0,130,3,1685.46,0,High Value
17284.0,60,6,1647.48,0,High Value
17286.0,22,1,151.37,0,High Value
17287.0,26,7,1049.06,0,High Value
17288.0,9,7,1417.63,0,High Value
17289.0,32,3,931.02,0,High Value
17290.0,4,2,513.01,0,High Value
17291.0,308,1,550.8000000000001,1,Regular
17293.0,8,9,1854.06,0,High Value
17295.0,29,3,547.0,0,High Value
17297.0,17,1,128.18,0,High Value
17298.0,101,2,498.42,0,High Value
17299.0,12,4,656.61,0,High Value
17301.0,21,1,163.24,0,High Value
17302.0,15,5,1135.63,0,High Value
17303.0,361,1,250.04,1,Regular
17306.0,11,19,8631.31,3,At Risk
17309.0,95,1,82.75,0,High Value
17311.0,78,2,1384.85,0,High Value
17312.0,139,3,644.3,0,High Value
17313.0,31,1,2328.84,0,High Value
17314.0,25,8,2527.92,0,High Value
17315.0,2,38,6281.23,3,At Risk
17317.0,46,3,2600.34,0,High Value
17320.0,100,3,1200.6200000000001,0,High Value
17321.0,8,2,657.16,0,High Value
17323.0,15,7,906.52,0,High Value
17324.0,18,4,986.48,0,High Value
17325.0,280,1,96.8,1,Regular
17329.0,14,2,523.11,0,High Value
17330.0,23,2,363.9,0,High Value
17331.0,124,1,175.2,0,High Value
17333.0,86,1,494.25,0,High Value
17334.0,302,2,307.02,1,Regular
17337.0,151,4,1981.06,1,Regular
17338.0,17,8,6493.54,0,High Value
17339.0,94,2,243.36,0,High Value
17340.0,30,11,12353.29,3,At Risk
17341.0,157,3,682.29,1,Regular
17343.0,355,1,193.64,1,Regular
17344.0,46,1,157.62,0,High Value
17345.0,15,4,519.6899999999999,0,High Value
17346.0,4,15,2622.88,3,At Risk
17347.0,86,1,228.96,0,High Value
17348.0,15,5,1156.6,0,High Value
17349.0,179,1,98.25,1,Regular
17350.0,8,4,1281.32,0,High Value
17351.0,36,3,587.15,0,High Value
17353.0,129,2,1740.0,0,High Value
17354.0,51,1,1393.06,0,High Value
17356.0,312,1,178.22,1,Regular
17357.0,24,2,384.39,0,High Value
17358.0,303,2,360.81,1,Regular
17359.0,11,1,127.86,0,High Value
17360.0,17,3,568.24,0,High Value
17361.0,49,3,488.2,0,High Value
17362.0,239,2,312.23,1,Regular
17364.0,1,11,4462.68,0,High Value
17365.0,13,8,4767.36,0,High Value
17367.0,238,1,167.55,1,Regular
17368.0,23,8,1878.87,0,High Value
17370.0,73,4,446.18,0,High Value
17371.0,17,3,418.4,0,High Value
17372.0,41,8,1337.18,0,High Value
17373.0,40,4,646.92,0,High Value
17374.0,219,2,495.77,1,Regular
17375.0,199,3,400.1,1,Regular
17376.0,71,2,203.2,0,High Value
17377.0,24,20,4058.32,3,At Risk
17379.0,11,1,389.71999999999997,0,High Value
17381.0,9,29,20275.61,3,At Risk
17382.0,65,1,65.4,0,High Value
17383.0,4,1,193.39000000000001,0,High Value
17384.0,19,2,336.4,0,High Value
17385.0,15,1,256.11,0,High Value
17386.0,8,6,2686.42,0,High Value
17387.0,20,2,746.81,0,High Value
17388.0,78,4,1259.56,0,High Value
17389.0,1,34,31833.68,3,At Risk
17391.0,164,2,508.8,1,Regular
17392.0,307,2,417.27,1,Regular
17394.0,219,1,203.86999999999998,1,Regular
17396.0,39,8,7330.8,0,High Value
17397.0,22,2,681.41,0,High Value
17398.0,115,3,653.38,0,High Value
17400.0,126,5,2097.84,0,High Value
17402.0,5,13,2633.85,0,High Value
17403.0,36,1,263.92,0,High Value
17404.0,4,15,31906.82,3,At Risk
17405.0,1,3,1031.41,0,High Value
17406.0,333,3,2184.42,1,Regular
17408.0,163,1,32.65,1,Regular
17409.0,185,2,771.85,1,Regular
17410.0,16,5,1214.72,0,High Value
17411.0,12,3,778.94,0,High Value
17412.0,3,7,1258.06,0,High Value
17414.0,44,2,778.0,0,High Value
17415.0,80,1,507.84,0,High Value
17416.0,30,7,6893.42,0,High Value
17418.0,42,2,463.46000000000004,0,High Value
17419.0,11,12,4226.57,0,High Value
17420.0,50,3,598.83,0,High Value
17422.0,16,6,1979.37,0,High Value
17423.0,46,2,698.41,0,High Value
17425.0,19,2,759.17,0,High Value
17426.0,8,6,5037.26,0,High Value
17427.0,72,1,100.8,0,High Value
17428.0,1,28,17256.85,3,At Risk
17429.0,128,3,524.9200000000001,0,High Value
17430.0,33,2,265.76,0,High Value
17431.0,313,1,403.3,1,Regular
17432.0,18,2,365.76,0,High Value
17433.0,88,1,303.15999999999997,0,High Value
17434.0,2,7,2373.82,0,High Value
17436.0,2,2,216.29999999999998,0,High Value
17438.0,254,1,388.45000000000005,1,Regular
17440.0,157,3,186.42000000000002,1,Regular
17442.0,37,6,2248.56,0,High Value
17443.0,220,1,534.24,1,Regular
17444.0,148,3,2940.04,1,Regular
17446.0,177,2,120.9,1,Regular
17447.0,40,2,541.53,0,High Value
17449.0,2,7,2519.21,0,High Value
17450.0,8,46,194390.79,2,Occasional
17451.0,1,7,1721.4,0,High Value
17453.0,18,2,486.71999999999997,0,High Value
17454.0,192,4,517.53,1,Regular
17455.0,204,1,131.7,1,Regular
17456.0,365,1,249.86,1,Regular
17457.0,127,5,1737.7,0,High Value
17458.0,15,1,316.5,0,High Value
17459.0,43,2,657.3,0,High Value
17460.0,94,6,622.4300000000001,0,High Value
17461.0,23,3,735.82,0,High Value
17462.0,60,2,675.69,0,High Value
17463.0,16,5,1875.86,0,High Value
17464.0,158,1,289.96000000000004,1,Regular
17466.0,10,2,763.28,0,High Value
17468.0,10,2,137.0,0,High Value
17469.0,16,5,1870.97,0,High Value
17470.0,45,5,1125.07,0,High Value
17472.0,191,3,697.54,1,Regular
17475.0,79,1,194.37,0,High Value
17480.0,78,1,511.82,0,High Value
17481.0,4,4,1255.59,0,High Value
17483.0,65,3,414.04,0,High Value
17486.0,261,1,396.87,1,Regular
17489.0,59,2,376.64,0,High Value
17490.0,1,7,2092.32,0,High Value
17491.0,1,10,3558.87,0,High Value
17492.0,248,1,374.57,1,Regular
17495.0,8,2,497.56,0,High Value
17496.0,359,1,271.05,1,Regular
17498.0,76,1,272.22,0,High Value
17499.0,290,1,622.88,1,Regular
17500.0,17,3,1138.0,0,High Value
17501.0,221,2,288.6,1,Regular
17502.0,9,4,689.1,0,High Value
17503.0,3,2,558.96,0,High Value
17504.0,206,9,2997.0299999999997,1,Regular
17505.0,162,2,1145.84,1,Regular
17506.0,76,1,302.2,0,High Value
17507.0,262,2,605.58,1,Regular
17508.0,281,1,387.31,1,Regular
17509.0,58,8,6083.64,0,High Value
17510.0,25,1,308.48,0,High Value
17511.0,3,31,91062.38,2,Occasional
17512.0,29,10,2924.9900000000002,0,High Value
17513.0,72,1,513.2,0,High Value
17514.0,128,1,208.65,0,High Value
17515.0,31,4,639.02,0,High Value
17516.0,15,5,764.88,0,High Value
17517.0,309,1,153.94,1,Regular
17519.0,17,6,1844.02,0,High Value
17520.0,54,1,546.81,0,High Value
17521.0,30,3,723.2099999999999,0,High Value
17522.0,2,5,1070.71,0,High Value
17523.0,11,4,652.74,0,High Value
17524.0,361,1,145.0,1,Regular
17525.0,360,1,422.70000000000005,1,Regular
17526.0,5,4,1195.8999999999999,0,High Value
17527.0,54,4,939.37,0,High Value
17528.0,1,8,3628.5,0,High Value
17530.0,1,10,2367.12,0,High Value
17531.0,190,1,296.7,1,Regular
17534.0,54,1,223.36,0,High Value
17535.0,280,1,164.4,1,Regular
17536.0,177,1,76.5,1,Regular
17537.0,30,2,887.67,0,High Value
17538.0,26,1,98.42,0,High Value
17540.0,25,2,578.9,0,High Value
17542.0,270,1,170.75,1,Regular
17545.0,43,3,642.32,0,High Value
17548.0,234,1,103.3,1,Regular
17549.0,24,2,148.86,0,High Value
17550.0,197,3,267.16,1,Regular
17551.0,359,1,290.34,1,Regular
17552.0,60,4,930.41,0,High Value
17553.0,130,1,1487.6,0,High Value
17554.0,1,5,1952.45,0,High Value
17555.0,20,2,480.31,0,High Value
17556.0,206,1,157.9,1,Regular
17557.0,14,3,541.46,0,High Value
17560.0,95,4,854.95,0,High Value
17561.0,19,1,165.12,0,High Value
17562.0,14,7,1122.38,0,High Value
17564.0,24,3,454.01,0,High Value
17566.0,8,2,869.77,0,High Value
17567.0,7,8,4331.48,0,High Value
17569.0,332,1,344.14,1,Regular
17571.0,50,4,1425.67,0,High Value
17572.0,71,4,226.75000000000003,0,High Value
17573.0,29,3,380.6,0,High Value
17574.0,243,1,185.65,1,Regular
17576.0,8,19,3564.83,3,At Risk
17578.0,218,1,143.45999999999998,1,Regular
17579.0,5,3,448.90000000000003,0,High Value
17580.0,253,3,215.72,1,Regular
17581.0,1,25,11025.24,3,At Risk
17582.0,236,1,175.27,1,Regular
17584.0,7,2,1242.3,0,High Value
17585.0,109,4,1116.68,0,High Value
17588.0,100,3,1240.2,0,High Value
17589.0,60,4,2404.17,0,High Value
17590.0,2,3,1468.02,0,High Value
17591.0,73,7,2203.67,0,High Value
17593.0,4,5,3923.86,0,High Value
17594.0,85,2,993.18,0,High Value
17595.0,12,2,386.69,0,High Value
17596.0,23,7,2806.69,0,High Value
17597.0,214,1,2044.3700000000001,1,Regular
17600.0,18,1,161.67000000000002,0,High Value
17601.0,239,1,116.00999999999999,1,Regular
17602.0,2,6,5054.42,0,High Value
17603.0,78,1,394.72,0,High Value
17604.0,217,2,309.36,1,Regular
17608.0,33,2,191.99,0,High Value
17609.0,41,5,1105.78,0,High Value
17611.0,7,15,3961.12,3,At Risk
17612.0,53,6,2048.45,0,High Value
17613.0,23,14,4544.55,0,High Value
17614.0,57,1,386.32,0,High Value
17615.0,130,3,329.6,0,High Value
17616.0,174,3,571.1999999999999,1,Regular
17618.0,6,3,930.28,0,High Value
17619.0,312,1,214.37,1,Regular
17620.0,60,1,81.44,0,High Value
17621.0,21,3,1379.9,0,High Value
17623.0,33,1,527.0500000000001,0,High Value
17624.0,15,2,843.48,0,High Value
17625.0,18,4,2020.4,0,High Value
17628.0,81,1,75.75,0,High Value
17629.0,6,8,1814.12,0,High Value
17630.0,170,2,503.59999999999997,1,Regular
17631.0,2,3,528.33,0,High Value
17633.0,31,4,1324.84,0,High Value
17634.0,36,9,2358.59,0,High Value
17636.0,19,1,285.56,0,High Value
17637.0,31,2,547.0600000000001,0,High Value
17639.0,276,1,108.5,1,Regular
17640.0,87,1,621.66,0,High Value
17642.0,120,2,712.29,0,High Value
17643.0,373,1,101.55,1,Regular
17644.0,1,11,2895.64,0,High Value
17646.0,219,3,1008.39,1,Regular
17647.0,65,1,133.06,0,High Value
17648.0,61,4,1797.5,0,High Value
17649.0,138,1,868.49,0,High Value
17650.0,21,1,166.08,0,High Value
17651.0,12,10,3945.0,0,High Value
17652.0,25,12,4867.72,0,High Value
17653.0,37,4,1207.56,0,High Value
17654.0,277,1,117.55,1,Regular
17655.0,11,7,2638.94,0,High Value
17656.0,73,5,1674.69,0,High Value
17658.0,26,2,595.42,0,High Value
17659.0,17,12,2999.46,0,High Value
17660.0,141,1,178.75,0,High Value
17663.0,26,7,1802.91,0,High Value
17664.0,19,2,604.64,0,High Value
17666.0,4,2,728.16,0,High Value
17667.0,66,5,2055.51,0,High Value
17668.0,1,2,347.75,0,High Value
17669.0,43,7,3406.7200000000003,0,High Value
17670.0,228,1,205.7,1,Regular
17671.0,16,4,1572.71,0,High Value
17672.0,50,2,3178.17,0,High Value
17673.0,2,6,1594.97,0,High Value
17674.0,74,2,551.04,0,High Value
17675.0,1,31,20374.28,3,At Risk
17676.0,4,6,1371.18,0,High Value
17677.0,2,30,16345.38,3,At Risk
17678.0,264,1,298.11,1,Regular
17679.0,53,2,1992.1100000000001,0,High Value
17680.0,24,1,184.4,0,High Value
17682.0,10,6,2474.33,0,High Value
17684.0,44,1,239.41,0,High Value
17685.0,17,7,3155.83,0,High Value
17686.0,7,7,5739.46,0,High Value
17690.0,30,15,4726.8,3,At Risk
17691.0,358,2,290.40000000000003,1,Regular
17692.0,127,4,740.9399999999999,0,High Value
17693.0,137,1,200.47,0,High Value
17694.0,142,1,283.12,0,High Value
17695.0,132,2,765.34,0,High Value
17696.0,38,8,2285.71,0,High Value
17697.0,236,1,338.95,1,Regular
17698.0,261,1,154.95,1,Regular
17700.0,17,4,2534.64,0,High Value
17701.0,253,1,417.95,1,Regular
17702.0,30,4,1824.37,0,High Value
17703.0,35,3,798.74,0,High Value
17704.0,169,2,885.19,1,Regular
17705.0,3,9,1823.52,0,High Value
17706.0,4,17,10504.49,3,At Risk
17707.0,185,2,152.4,1,Regular
17708.0,188,2,263.33,1,Regular
17709.0,170,1,137.45,1,Regular
17711.0,11,2,385.1,0,High Value
17712.0,45,1,522.91,0,High Value
17714.0,321,1,153.0,1,Regular
17715.0,201,1,326.4,1,Regular
17716.0,23,11,5655.99,0,High Value
17718.0,232,1,139.35,1,Regular
17719.0,38,15,5396.04,3,At Risk
17720.0,26,4,1195.94,0,High Value
17722.0,96,4,2424.04,0,High Value
17723.0,127,6,3276.4000000000005,0,High Value
17724.0,71,3,1033.0,0,High Value
17725.0,16,11,3439.08,0,High Value
17727.0,15,1,1060.25,0,High Value
17728.0,4,3,2876.01,0,High Value
17730.0,3,13,5298.4800000000005,0,High Value
17731.0,79,4,1240.11,0,High Value
17732.0,373,1,303.97,1,Regular
17733.0,39,2,692.19,0,High Value
17734.0,54,3,700.63,0,High Value
17735.0,2,19,13110.02,3,At Risk
17736.0,9,3,377.44,0,High Value
17737.0,9,2,168.24,0,High Value
17738.0,19,4,1879.05,0,High Value
17739.0,12,7,2791.35,0,High Value
17742.0,113,2,355.11,0,High Value
17744.0,4,6,2322.4,0,High Value
17746.0,240,1,110.25,1,Regular
17747.0,113,1,71.4,0,High Value
17749.0,178,2,674.52,1,Regular
17750.0,5,9,1710.45,0,High Value
17752.0,359,1,80.64,1,Regular
17754.0,1,5,1664.65,0,High Value
17757.0,1,30,5593.39,3,At Risk
17758.0,19,8,3408.2000000000003,0,High Value
17759.0,17,3,819.96,0,High Value
17760.0,22,2,287.59,0,High Value
17761.0,33,1,712.78,0,High Value
17763.0,263,1,15.0,1,Regular
17764.0,51,2,772.55,0,High Value
17765.0,159,3,367.63,1,Regular
17767.0,15,1,271.2,0,High Value
17768.0,8,3,2081.9,0,High Value
17769.0,13,10,3957.43,0,High Value
17770.0,199,5,1143.27,1,Regular
17771.0,57,2,245.81,0,High Value
17772.0,11,2,173.45,0,High Value
17774.0,97,4,1213.73,0,High Value
17775.0,255,1,56.4,1,Regular
17777.0,25,3,647.56,0,High Value
17779.0,21,3,650.32,0,High Value
17781.0,159,2,188.02,1,Regular
17783.0,72,2,283.47,0,High Value
17785.0,53,1,131.94,0,High Value
17786.0,85,2,266.85,0,High Value
17787.0,153,4,1817.54,1,Regular
17788.0,74,2,1117.9,0,High Value
17789.0,281,1,225.9,1,Regular
17790.0,27,14,1964.3,0,High Value
17791.0,30,1,106.1,0,High Value
17793.0,25,1,300.34,0,High Value
17795.0,180,2,342.83,1,Regular
17796.0,40,4,690.0,0,High Value
17797.0,22,3,780.43,0,High Value
17799.0,22,10,3039.17,0,High Value
17800.0,37,9,1187.21,0,High Value
17802.0,82,3,1285.04,0,High Value
17805.0,74,1,512.31,0,High Value
17806.0,11,1,546.04,0,High Value
17809.0,16,12,5411.91,0,High Value
17811.0,4,39,7761.82,3,At Risk
17812.0,13,4,699.81,0,High Value
17813.0,14,5,1698.07,0,High Value
17816.0,37,4,36.56,0,High Value
17817.0,4,3,387.68,0,High Value
17819.0,72,7,3704.87,0,High Value
17824.0,51,1,298.4,0,High Value
17827.0,5,5,1987.33,0,High Value
17828.0,23,4,1820.09,0,High Value
17829.0,299,1,889.24,1,Regular
17830.0,2,3,398.7,0,High Value
17831.0,33,1,35.400000000000006,0,High Value
17832.0,50,1,155.37,0,High Value
17835.0,3,3,342.24,0,High Value
17836.0,47,1,110.21000000000001,0,High Value
17837.0,42,8,1541.23,0,High Value
17838.0,27,5,2720.8,0,High Value
17839.0,42,1,318.15,0,High Value
17841.0,2,124,40519.84,2,Occasional
17843.0,303,1,205.48,1,Regular
17844.0,107,1,51.559999999999995,0,High Value
17846.0,85,1,2033.1,0,High Value
17848.0,81,9,901.1999999999999,0,High Value
17849.0,218,4,605.8000000000001,1,Regular
17850.0,372,34,5391.21,3,At Risk
17852.0,12,2,114.34,0,High Value
17854.0,185,2,311.26,1,Regular
17855.0,373,1,208.97,1,Regular
17856.0,2,4,1418.03,0,High Value
17857.0,4,23,26879.04,3,At Risk
17858.0,6,12,5140.66,0,High Value
17859.0,305,1,141.92000000000002,1,Regular
17860.0,369,1,226.45000000000002,1,Regular
17861.0,3,8,2097.88,0,High Value
17862.0,324,1,330.9,1,Regular
17863.0,59,6,3160.0,0,High Value
17864.0,13,3,554.85,0,High Value
17865.0,31,20,10526.32,3,At Risk
17866.0,143,1,329.65,1,Regular
17867.0,30,6,1157.8700000000001,0,High Value
17869.0,107,5,428.18,0,High Value
17870.0,2,12,1865.89,0,High Value
17871.0,205,1,155.9,1,Regular
17873.0,80,5,1848.96,0,High Value
17874.0,185,6,683.46,1,Regular
17877.0,170,1,237.61,1,Regular
17878.0,44,1,379.45,0,High Value
17879.0,174,1,178.51999999999998,1,Regular
17880.0,365,1,458.92,1,Regular
17881.0,304,1,133.35000000000002,1,Regular
17883.0,3,4,664.34,0,High Value
17884.0,4,4,695.0699999999999,0,High Value
17885.0,12,1,156.34,0,High Value
17886.0,32,3,869.28,0,High Value
17887.0,129,1,111.35,0,High Value
17888.0,21,8,716.0,0,High Value
17889.0,212,2,201.37,1,Regular
17890.0,323,2,586.89,1,Regular
17891.0,162,1,203.85999999999999,1,Regular
17892.0,56,3,244.1,0,High Value
17893.0,225,1,107.21,1,Regular
17894.0,72,8,1118.96,0,High Value
17895.0,44,1,95.45,0,High Value
17896.0,23,1,256.32,0,High Value
17897.0,173,3,541.8100000000001,1,Regular
17898.0,85,2,152.06,0,High Value
17899.0,159,1,154.55,1,Regular
17900.0,190,2,112.19999999999999,1,Regular
17901.0,29,1,110.38,0,High Value
17904.0,21,1,181.07,0,High Value
17905.0,71,4,798.99,0,High Value
17906.0,247,1,72.9,1,Regular
17908.0,374,1,232.03,1,Regular
17911.0,9,1,366.23,0,High Value
17912.0,310,5,310.06,1,Regular
17913.0,59,2,408.65,0,High Value
17914.0,4,1,329.36,0,High Value
17917.0,45,3,335.03,0,High Value
17919.0,88,1,1304.04,0,High Value
17920.0,4,17,4119.5,3,At Risk
17921.0,64,4,820.23,0,High Value
17923.0,282,1,207.50000000000003,1,Regular
17924.0,12,7,2962.5,0,High Value
17925.0,373,1,244.08,1,Regular
17926.0,133,2,397.29,0,High Value
17928.0,45,2,212.54,0,High Value
17929.0,11,4,843.0,0,High Value
17930.0,36,5,1740.48,0,High Value
17931.0,134,2,408.36,0,High Value
17932.0,29,3,1331.57,0,High Value
17934.0,52,2,704.25,0,High Value
17935.0,138,2,145.79,0,High Value
17936.0,5,1,380.13,0,High Value
17937.0,9,7,4301.22,0,High Value
17939.0,160,1,99.14,1,Regular
17940.0,49,10,4020.04,0,High Value
17941.0,131,1,304.56,0,High Value
17942.0,8,1,77.50000000000001,0,High Value
17946.0,233,2,149.57999999999998,1,Regular
17947.0,37,1,176.68,0,High Value
17948.0,147,1,358.56000000000006,1,Regular
17949.0,1,45,58510.48,3,At Risk
17950.0,72,3,482.2,0,High Value
17951.0,40,3,1008.5400000000001,0,High Value
17954.0,5,12,2314.13,0,High Value
17955.0,199,4,557.3,1,Regular
17956.0,249,1,12.75,1,Regular
17957.0,66,1,111.68,0,High Value
17958.0,117,1,508.4599999999999,0,High Value
17960.0,171,1,73.78,1,Regular
17961.0,21,39,1296.44,3,At Risk
17962.0,142,1,102.41,0,High Value
17964.0,32,2,463.21,0,High Value
17965.0,38,14,2599.19,0,High Value
17966.0,38,5,1098.43,0,High Value
17967.0,372,1,112.27,1,Regular
17968.0,374,1,265.1,1,Regular
17969.0,166,2,228.2,1,Regular
17970.0,211,1,562.79,1,Regular
17972.0,242,1,135.19,1,Regular
17973.0,52,1,337.04,0,High Value
17974.0,25,3,703.99,0,High Value
17975.0,15,13,4483.26,0,High Value
17976.0,372,1,321.79,1,Regular
17977.0,29,1,288.14,0,High Value
17978.0,365,1,300.91999999999996,1,Regular
17979.0,36,4,732.41,0,High Value
17980.0,166,3,811.45,1,Regular
17984.0,145,1,152.68,1,Regular
17985.0,22,1,631.35,0,High Value
17986.0,56,1,20.8,0,High Value
17987.0,185,1,198.57,1,Regular
17988.0,12,7,201.12,0,High Value
17990.0,237,3,630.84,1,Regular
17991.0,225,2,93.35,1,Regular
17994.0,122,4,674.89,0,High Value
17995.0,282,1,76.1,1,Regular
17997.0,74,8,1962.46,0,High Value
17999.0,37,2,380.39,0,High Value
18001.0,12,2,415.13,0,High Value
18004.0,362,1,157.92,1,Regular
18005.0,4,2,226.47,0,High Value
18006.0,23,1,444.68,0,High Value
18008.0,70,9,2116.19,0,High Value
18009.0,235,1,247.39,1,Regular
18010.0,257,1,174.8,1,Regular
18011.0,373,1,102.78999999999999,1,Regular
18013.0,155,2,187.29,1,Regular
18014.0,28,1,162.22,0,High Value
18015.0,4,1,120.03,0,High Value
18016.0,32,5,1477.66,0,High Value
18017.0,81,3,523.0,0,High Value
18018.0,108,2,122.14,0,High Value
18019.0,52,1,38.45,0,High Value
18022.0,36,1,612.72,0,High Value
18024.0,153,2,389.78,1,Regular
18027.0,99,1,115.31,0,High Value
18030.0,4,2,230.64999999999998,0,High Value
18032.0,334,1,73.5,1,Regular
18033.0,65,1,93.82000000000001,0,High Value
18034.0,22,2,418.68,0,High Value
18035.0,36,3,713.89,0,High Value
18036.0,32,3,403.12,0,High Value
18037.0,154,6,70.02,1,Regular
18040.0,19,2,357.20000000000005,0,High Value
18041.0,12,21,4097.37,3,At Risk
18042.0,54,1,165.04999999999998,0,High Value
18043.0,25,3,529.29,0,High Value
18044.0,4,10,2088.6,0,High Value
18045.0,45,1,178.34,0,High Value
18048.0,203,2,172.29000000000002,1,Regular
18050.0,359,1,74.4,1,Regular
18053.0,71,1,300.02,0,High Value
18055.0,7,10,6761.34,0,High Value
18056.0,288,1,363.65,1,Regular
18058.0,10,1,170.16,0,High Value
18059.0,23,3,306.46,0,High Value
18061.0,22,10,2119.41,0,High Value
18062.0,173,3,720.52,1,Regular
18064.0,133,2,814.0,0,High Value
18065.0,6,14,2392.83,0,High Value
18066.0,75,1,318.0,0,High Value
18067.0,40,1,396.33,0,High Value
18068.0,289,1,101.69999999999999,1,Regular
18069.0,26,5,2009.24,0,High Value
18071.0,258,2,453.0,1,Regular
18072.0,186,1,247.44,1,Regular
18073.0,114,12,3859.82,0,High Value
18074.0,374,1,489.6,1,Regular
18075.0,23,10,2611.75,0,High Value
18077.0,8,11,2584.41,0,High Value
18078.0,217,2,336.13,1,Regular
18079.0,45,4,3613.15,0,High Value
18080.0,19,2,1231.5,0,High Value
18081.0,36,3,343.45,0,High Value
18082.0,26,1,680.84,0,High Value
18084.0,16,1,90.47999999999999,0,High Value
18085.0,330,2,689.95,1,Regular
18086.0,274,1,101.34,1,Regular
18087.0,98,2,4055.7199999999993,0,High Value
18088.0,61,1,166.03,0,High Value
18092.0,2,11,9068.26,0,High Value
18093.0,93,4,2106.52,0,High Value
18094.0,82,7,3017.3,0,High Value
18095.0,313,2,580.0500000000001,1,Regular
18096.0,12,3,849.06,0,High Value
18097.0,8,6,2662.4,0,High Value
18099.0,127,1,168.31,0,High Value
18101.0,11,2,222.4,0,High Value
18102.0,1,60,259657.3,2,Occasional
18104.0,37,1,754.64,0,High Value
18105.0,38,1,113.48000000000002,0,High Value
18106.0,330,1,421.9,1,Regular
18108.0,254,1,271.0,1,Regular
18109.0,2,26,8004.92,3,At Risk
18110.0,20,1,198.8,0,High Value
18112.0,12,2,352.69,0,High Value
18113.0,369,1,76.32000000000001,1,Regular
18114.0,290,1,220.1,1,Regular
18116.0,68,8,1403.1100000000001,0,High Value
18117.0,26,1,315.65,0,High Value
18118.0,11,26,5625.08,3,At Risk
18119.0,368,1,180.7,1,Regular
18120.0,214,1,111.15,1,Regular
18121.0,149,2,653.3,1,Regular
18122.0,8,6,1793.06,0,High Value
18123.0,24,2,574.4399999999999,0,High Value
18125.0,30,4,1131.75,0,High Value
18126.0,61,1,200.92000000000002,0,High Value
18127.0,19,3,347.08,0,High Value
18129.0,243,1,112.55000000000001,1,Regular
18130.0,15,3,1059.39,0,High Value
18133.0,212,1,931.4999999999999,1,Regular
18135.0,29,5,681.9100000000001,0,High Value
18136.0,63,3,784.33,0,High Value
18138.0,295,1,152.65,1,Regular
18139.0,18,6,8438.34,0,High Value
18142.0,157,2,1019.52,1,Regular
18143.0,117,2,1000.16,0,High Value
18144.0,8,12,2888.75,0,High Value
18145.0,13,4,2861.55,0,High Value
18146.0,141,2,160.35000000000002,0,High Value
18147.0,46,2,179.33999999999997,0,High Value
18149.0,51,3,612.0799999999999,0,High Value
18150.0,32,3,566.58,0,High Value
18151.0,135,2,653.35,0,High Value
18154.0,3,2,399.19,0,High Value
18155.0,75,3,371.62,0,High Value
18156.0,13,2,675.64,0,High Value
18158.0,9,2,453.4,0,High Value
18159.0,301,1,530.15,1,Regular
18160.0,57,2,638.0600000000001,0,High Value
18161.0,15,5,1618.69,0,High Value
18164.0,37,1,399.65000000000003,0,High Value
18165.0,177,1,302.46000000000004,1,Regular
18167.0,23,3,1384.8600000000001,0,High Value
18168.0,176,6,1160.04,1,Regular
18169.0,61,1,202.65,0,High Value
18170.0,33,3,980.31,0,High Value
18171.0,59,5,1231.31,0,High Value
18172.0,15,20,7561.68,3,At Risk
18173.0,87,4,2106.84,0,High Value
18174.0,7,1,104.0,0,High Value
18176.0,358,1,476.35,1,Regular
18177.0,31,6,1340.8700000000001,0,High Value
18178.0,129,4,1590.81,0,High Value
18179.0,9,6,1793.17,0,High Value
18180.0,5,6,1843.75,0,High Value
18181.0,24,1,366.85,0,High Value
18183.0,227,2,632.07,1,Regular
18184.0,15,1,49.8,0,High Value
18185.0,249,1,304.25,1,Regular
18188.0,15,3,2001.04,0,High Value
18189.0,78,2,1090.24,0,High Value
18190.0,192,2,284.46000000000004,1,Regular
18191.0,262,1,207.79999999999998,1,Regular
18192.0,72,1,957.97,0,High Value
18193.0,165,1,243.76,1,Regular
18194.0,82,1,973.8399999999999,0,High Value
18196.0,95,2,686.63,0,High Value
18198.0,4,17,5425.56,3,At Risk
18200.0,106,1,150.35,0,High Value
18202.0,200,3,1396.99,1,Regular
18203.0,157,1,160.42000000000002,1,Regular
18204.0,71,3,1975.35,0,High Value
18205.0,36,2,517.36,0,High Value
18209.0,29,1,139.10000000000002,0,High Value
18210.0,2,6,2621.38,0,High Value
18211.0,26,5,600.07,0,High Value
18212.0,326,1,216.07,1,Regular
18213.0,237,1,232.48000000000002,1,Regular
18215.0,89,1,299.34000000000003,0,High Value
18216.0,31,1,481.75,0,High Value
18217.0,29,2,621.75,0,High Value
18218.0,211,2,641.92,1,Regular
18219.0,3,10,2069.77,0,High Value
18220.0,227,1,305.28000000000003,1,Regular
18221.0,22,5,1041.61,0,High Value
18222.0,93,1,443.0,0,High Value
18223.0,5,14,6484.54,3,At Risk
18224.0,264,1,158.95000000000002,1,Regular
18225.0,3,12,5504.96,0,High Value
18226.0,44,11,5228.05,0,High Value
18227.0,218,1,93.75,1,Regular
18228.0,57,2,779.9,0,High Value
18229.0,12,20,7276.900000000001,3,At Risk
18230.0,9,7,2810.2000000000003,0,High Value
18231.0,192,5,2071.77,1,Regular
18232.0,82,4,592.97,0,High Value
18233.0,326,1,440.0,1,Regular
18235.0,72,3,1796.48,0,High Value
18236.0,30,6,882.24,0,High Value
18237.0,3,5,987.1,0,High Value
18239.0,219,5,1561.6100000000001,1,Regular
18240.0,46,1,422.58,0,High Value
18241.0,10,17,2073.09,3,At Risk
18242.0,72,4,2232.4900000000002,0,High Value
18245.0,7,7,2567.06,0,High Value
18246.0,24,2,596.1,0,High Value
18248.0,123,2,804.02,0,High Value
18249.0,17,1,95.34,0,High Value
18250.0,310,1,349.27,1,Regular
18251.0,87,1,4314.72,0,High Value
18252.0,51,2,518.27,0,High Value
18255.0,89,1,103.3,0,High Value
18257.0,39,8,2337.63,0,High Value
18259.0,25,3,2338.6000000000004,0,High Value
18260.0,173,6,2628.35,1,Regular
18261.0,43,2,324.24,0,High Value
18262.0,140,1,149.48,0,High Value
18263.0,26,3,1213.1599999999999,0,High Value
18265.0,72,2,801.51,0,High Value
18268.0,134,1,25.5,0,High Value
18269.0,366,1,168.6,1,Regular
18270.0,38,2,283.15,0,High Value
18272.0,3,6,3078.58,0,High Value
18273.0,2,3,204.0,0,High Value
18274.0,30,1,175.92,0,High Value
18276.0,44,1,335.86,0,High Value
18277.0,58,1,110.38,0,High Value
18278.0,74,1,173.9,0,High Value
18280.0,278,1,180.60000000000002,1,Regular
18281.0,181,1,80.82,1,Regular
18282.0,8,2,178.05,0,High Value
18283.0,4,16,2045.53,3,At Risk
18287.0,43,3,1837.28,0,High Value
